Tweet_ID,tweetcreatedts,retweetcount,following,followers,text
1373061697699770368,2021-03-19 23:59:53,0,1680,1705,"Best #cryptocurrency risk-adjusted returns in the past 24 hours:
1. #Zcash $ZEC
2. #Polkadot $DOT
3. #Avalanche $AVAX https://t.co/bh7WvdoHEF"
1373061331549630473,2021-03-19 23:58:26,0,261,15,"Almost all-in $SXP. Some bags of $HBAR, $OCEAN, $XTZ, $DOT and $COTI. LFG! https://t.co/YUC1BPLLDy"
1373061192030257165,2021-03-19 23:57:53,1,2314,1480,"#turtlecoin $trtl üåï

$doge $link $ada $bnb $dot $uni $fil"
1373061152775737347,2021-03-19 23:57:43,0,52,430,$DOT did what i was expecting and saying. Fakeout and now breaking and retesting the breakout as support üöÄüöÄüöÄ https://t.co/1bq50ZVU84
1373061140838748164,2021-03-19 23:57:40,0,1,4828,"üîÑ Prices update in $USD (1 hour):

$BTC - 58155.4 $  (-0.57 %)
$ETH - 1811.62 $  (-0.41 %)
$DOT - 38.13 $    (-0.45 %)
$ADA - 1.3 $      (-2.29 %)

#BTC #ETH #DOT #ADA #Crypto #Bitcoin"
1373060398748823553,2021-03-19 23:54:43,10,844,597,"üö® aLpHa LeAk üö®

Substrapunks are going to be exhibited alongside @beeple and @robertalice_21  in Beijing &amp; Shanghai. 

Yes, that Beeple. Yes, these punks. 

Full details for the nerds:
https://t.co/tIPkSgMPGc

https://t.co/Aq2MvsOWKj 

üíÉüíÉ

xoxo

Substra Punkette

$KSM $DOT"
1373060346165002240,2021-03-19 23:54:31,0,91,1289,"$ATOM is such dissapointment, yesterday had small pump and now again almost retraced all gains. 
Im just bo getting why $ATOM is 7x smaller than $DOT or 8x than $ADA (scam)

$ATOM suppose to $100 atleat."
1373059904194408451,2021-03-19 23:52:46,0,1221,1689,"I'm down to $TSLA $NVDA $GME the rest is coins. I feel better this way! I'm not as wealthy as you guys. I need all mine. I'll jump back in when I see a 20% to 30% sale
$BTC $ETH $DOGE $BNB $DOT $UNI https://t.co/aYb7pevpcW"
1373059510923890691,2021-03-19 23:51:12,12,2688,211,"$HAI &amp; $HAPI &amp; $DDOS üõ°Ô∏è

See the new #Disbalancer website:

https://t.co/3Mn5kV8jyO

#Hacken #HackenFoundation #Cybersecurity #DeFI #Oracles #DEX #CEX #Auditing #Certification  #BugBounty #HackenAI

$VET $BTC $ETH $XRP $XLM $ADA $LINK $DOT $ALGO $AVAX $ZIL  $QNT $ICX $XTZ $BNB https://t.co/RI5epo8eVw"
1373059455693258758,2021-03-19 23:50:59,0,2,192,"Scalpers pumping my bags! Thanks $vtho 

 IF YOU WANT 10X TO 100X $Vet

#doge #dogearmy #dogecoin $doge $matic $rvn $bnb $btc $eth #ethereum #bitcoin $aave $snx  $sushi $zrx  $algo $ada $dot #CryptoNews #NFT #bitcoin"
1373058833929674759,2021-03-19 23:48:30,0,269,63,"@GKeeto @saratoga733 @intocryptoverse lol, never said $dot wouldn't, but to talk like you know the future is just ridiculous. anyway, people like you are impossible to reason with, so there's no point in dragging this out any further. all i'll say is, don't state things as fact even if it's an educated guess."
1373057551764455433,2021-03-19 23:43:25,0,688,429,"@julybright @saratoga733 @intocryptoverse Four years of ""building"". Lol. Gen 1 chain that has been sitting in the laboratory as legit Gen 3 chains like $dot will roll out before it. Wow, $ada holders are going to get crushed when reality sets in."
1373057386299203588,2021-03-19 23:42:45,2,218,911,"$dgb $twt 
They will work miracles within daysüôå
üé∂ üé∂ üé∂
üé∂ üé∂ üé∂

$BTC $ETH $XRP $DOT $KSM $LINK $GRT $CHR $SXP $ROSE $VITE $COCOS $UTK $IOTX $DOCK $DREP $NPXS $DENT $KEY $AXS $DEGO $SKL $SUSHI $ZIL $CHZ $MATIC $CHZ $ANKR $AKRO $TROY $MBL $STMX $DREP"
1373057318624067585,2021-03-19 23:42:29,1,152,279,"HOLD TIGHT! We have lift off! $OXT it‚Äôs our time!! üë©‚ÄçüöÄüöÄ

$btc $eth $uni $grt $link $dot $vet $ltc $un $bat $xrp $xlm $loom $fil $ada $bnb $HBAR $OMG #BitcoinCash #bitcoin #altcoinseason #alts #XRP #AAVE #Litecoin #ADA #altcoins #ALTSEASON #Binance #BNB #BTC #China #Cardano"
1373056923667423236,2021-03-19 23:40:55,0,457,222,"Same way $EGLD and $BNB were ranging between $30-$40, before they pumped to $200+, we should be expecting that for $DOT too

$POLKADOTüöÄü•≥"
1373056656981041160,2021-03-19 23:39:51,0,61,1014,"Bearish moves doesn't matter, don't worry if you're holding hold strong. 

$ADA is worth at least $3 
$bnb $370 
$DOT $50
$BTC $70,000
$ETH $2,500
$HBAR $1.00
$bat $1.8 

You will reach those this cycle."
1373056438982094848,2021-03-19 23:38:59,0,480,277,$DOT and $BTT best investment ever #BTT
1373056113608962048,2021-03-19 23:37:42,0,241,650,Why do I tweet? It‚Äôs my #crypto journal üìì. This post so far is aging well! $dot $52 soon! then $100! https://t.co/oBijMKcUTs
1373055886583767042,2021-03-19 23:36:48,0,82,5,@CryptoNewton Looks a lot like $DOT
1373055759433433090,2021-03-19 23:36:17,21,63,39,"I LOVE $ETH, $DOT, $HTR üëë"
1373055614616797191,2021-03-19 23:35:43,0,165,80,"What we mean when we say:
""Crypto takes the elevator down &amp; the stairs up""

$DOT price action of the last 5 weeks
(last candle is not yet finished) https://t.co/O93oNL47oi"
1373055455988187137,2021-03-19 23:35:05,243,389,21,"#Arrano Trade Analytics report #23

A MUST know if you're in crypto

The Report covers a chart of Top 10 Cryptos in order of their market cap. 

The King, #Bitcoin $BTC is ruling the market with $1.01 T, $ETH at 199 b , $BNB at $42 , $ADA , $DOT $XRP $UNI $LTC $LINK. 

$ANDX $ANO https://t.co/CirLAnY4ha"
1373055003556974594,2021-03-19 23:33:17,0,1,3163,"üîÑ Prices update in $USDT (1 hour):

$BTC - 58272.05 $      (-0.46 %)
$ETH - 1810.96 $       (-0.57 %)
$DOT - 38.0 $          (-1.27 %)
$ADA - 1.29 $          (-2.26 %)

#BTC #ETH #DOT #ADA #Crypto #Bitcoin"
1373054987207467008,2021-03-19 23:33:13,1,353,44,@AjTrady I‚Äôm that way with spot. I TRY 2 close spot after big moves on 4hr/daily. I‚Äôm waiting for $LINK ATH now before I touch my spot account. This was just some free spot DCA with leveraged trades. 133 $ICX 555 $OCEAN 33 $LINK 444 $CRV 22 $DOT was the ‚ÄúFREE DCA SPOT‚Äù 72hrs. Been onüî• https://t.co/nVDs4o4xln
1373054789202948100,2021-03-19 23:32:26,0,2,192,"Scalpers raising the prices $vtho, im grateful they will buy at 10 cents to!

#doge #dogearmy #dogecoin $doge $matic $rvn $bnb $btc $eth #ethereum #bitcoin $aave $snx  $sushi $zrx  $algo $ada $dot #CryptoNews #NFT #bitcoin"
1373054592544477184,2021-03-19 23:31:39,1,409,229,"$DGCL is being undervalued right now but with all the things launching soon I see it as a bagging opportunity! 

$KAI $TEL $ETH $BTC $WAN $ATOM $AION $DOT $THETA $LINK $AUDIO $SCRT $ICX $LUNA $SNX $VET $OCEAN
$BNB $TVK $OMI $DEGO $BONDLY https://t.co/4gGrbqLBMx"
1373054568880349190,2021-03-19 23:31:33,4,5038,9652,"The only new entrants into the top 20 cryptos in a long time are $UNI, $LINK, and $DOT.

Still think there's a long way to go until there isn't 90% old trash still there."
1373054262339592192,2021-03-19 23:30:20,0,1,4739,"üîÑ Prices update in $EUR (1 hour):

$BTC - 48934.1  ‚Ç¨ (-0.52 %)
$ETH - 1522.03  ‚Ç¨ (-0.63 %)
$DOT - 31.96  ‚Ç¨ (-1.2 %)
$ADA - 1.09  ‚Ç¨ (-2.24 %)

#BTC #ETH #DOT #ADA #Crypto #Bitcoin"
1373053481066532865,2021-03-19 23:27:14,11,63,39,"$LUA - Looks like it held longterm support! Very good project and very undervalued! @LuaSwap 

@TomoChainANN @longvuong22 get this on @binance @BinanceTR @cz_binance @BinanceResearch 

$xtz $link $sol $uni $dgb $tomo $eth $dot $bnb https://t.co/1mbvQND5Wl"
1373053461147881472,2021-03-19 23:27:09,8,189,1292,"My top 10 coins Im HODLing 4ever. 

1. $BTC
2. $VGX
3. $ETH 
4. $DOT
5. $USDC for APR
6. $OCEAN 
7. $STMX 
8. $BAT 
9. $ENJ
10. $BTT 

All on @investvoyager !!!! üöÄüöÄüöÄ"
1373053437923954693,2021-03-19 23:27:04,0,32,26,$DOT might be getting ready for a bullish breakout into price discovery #ATH What are your thoughts? #Polkadot #ALTSEASON https://t.co/YUyBSIUeal
1373053364557201416,2021-03-19 23:26:46,0,14,32,"Why I haven't knew it before, @YIELDapp?
I can't believe that defi could be too simple, I'm hating these protocols, thank you, guys!

$dailys $xrp $egg $dg $tend $hot $luna $helmet $lina $ethv $duo $cofe $bax $dot $vra $ada $omi $mwat $xem $aln $nftl $beet $yplt $dog"
1373053319267110914,2021-03-19 23:26:36,0,30,191,"Only up $KAT

$BTC $ETH $KAT $CHZ $FIS $LTC $DOGE $XRP $ADA $TRX $CAKE $DOT $BOT $LINK $SUSHI $XLM $ZIL $QSP $ALPHA $TOMO $DLT $TWT $GO $ATOM $BNB $STMX $VRA $SHA https://t.co/el3Vwsgack"
1373052939082735616,2021-03-19 23:25:05,1,29,1760,"$DOT

#Polkadot  coming into the last day of the week and above March RED.... üßê

Do you have the legs for it?

#DOTUSDT https://t.co/xcFxqfm0Yh"
1373052611981574145,2021-03-19 23:23:47,5,690,619,"2021 price predictions.

$btc $224,000
$eth $6,200
$dot $245
$link $220
$xrp $0.00
$rsr $1.45
$strax $85
$htr $45
$scrt $72
$chonk 888
$rfi $32"
1373052582134960133,2021-03-19 23:23:40,1,179,9,"@knlae_ DeFi hasn't gone parabolic yet. It's been lazily hanging round while ""digital art"" made millionaires out of retards (I'm not salty or anything XD)

I'm putting half that 500k in Cronje projects, 100k in the $dot ecosystem, and the rest split between $woo and $api3"
1373052172695404550,2021-03-19 23:22:02,0,63,37,"@CoinMarketCap $BTC
$AVAX
$ETH
$LINK
$BCH
$PNG
$XRP
$LTC
$DOGE
$DOT

( $AVAX could be number 1 in 3 years)"
1373051982152298496,2021-03-19 23:21:17,1,739,1865,"#ALTCOIN Sentiment

What's next for Altcoins as a whole?

$ETH $XRP $LINK $COMP $ADA $UNI $AAPL $TSLA $AMZN $SPY $QQQ $CRV $GLD $ALGO $NVDA $REN $ALPHA $VET $UPS $AVAX $SNX $FB $CCL $AMD $F $AAVE $SUSHI $EGLD $NIO $DOT $ENJ #OOTT #DDTG #crypto #news #ethereum #bitcoin¬†#btc"
1373051846043054088,2021-03-19 23:20:44,0,499,567,$DOT $SNX $SUSHI
1373051837364903937,2021-03-19 23:20:42,1,739,1865,"BTC Sentiment (Price $58100)

What's next for Bitcoin?

$ETH $XRP $LINK $COMP $ADA $UNI $AAPL $TSLA $AMZN $SPY $QQQ $CRV $GLD $ALGO $NVDA $REN $ALPHA $VET $UPS $AVAX $SNX $FB $CCL $AMD $F $AAVE $YFI $SUSHI $EGLD $NIO $DOT $ENJ #OOTT #DDTG #crypto #news #ethereum #bitcoin¬†#btc"
1373051758310797316,2021-03-19 23:20:23,0,0,517,"Top 10 cryptocurrencies price update 1hr 
 
$BTC $ETH $ADA $BNB $USDT $DOT $XRP $UNI $LTC $LINK https://t.co/TD6yz8Qols"
1373051123410497536,2021-03-19 23:17:52,0,1454,4372,"@Lexykid2 @Adabrains @lid @AaveAave @EquilibriumDeFi This was primarily a conversation about Cardano staking and security but get at it... #DeFI on Polkadot $DOT Binance $BSC Huobi $HT are all  #PoweredByChainlink as well as Equilibrium's partner @Bancor.

BLOCKCHAIN AGNOSTIC"
1373051074815299590,2021-03-19 23:17:40,0,274,14,$Dot usdt ready to pump again?? https://t.co/mTRyS7YLDB
1373050925112303619,2021-03-19 23:17:05,0,939,7093,"This has just got me in the mood of watching Scarface for the 400th time. And you know what, I am going to love it!

Thanks @tonymontanaATH for sharing this great vid!

#Bitcoin $ETH $DOT $KSM $LINK $KYL https://t.co/wdi5luNiqA https://t.co/FMFphG07YN"
1373050709449474055,2021-03-19 23:16:13,0,134,9,"1y down the crypto rabbit hole. Never invested a cent before that!

My digital ""team"" consists of @AlexSaundersAU for macro &amp; @intocryptoverse for quant analysis.

They guided me to big bags of:
$DOT
$ADA
$MANA
$SNX
and of course $BTC $ETH at lower risk (cheap) evaluations.

TYüôè"
1373050190429569027,2021-03-19 23:14:10,0,5576,5272,"$KSM is blowing up partially because of parachain and slot auction, but $DOT will be coming up after. https://t.co/ie97de4qCb"
1373050137405194240,2021-03-19 23:13:57,0,41,5,$btc $eth $link $dot $inv $yfi $ada $uni $bal $sylo abc efg hijklm etc NFTs It never ends. How many coins are the ‚Äúnext 10X?‚Äù Seems like any direction you throw $usd into you make a killing. Alt coins WILL consolidate. Not all will succeed. Way too frothy right now Choose wisely
1373049980114644995,2021-03-19 23:13:19,9,207,24,"How do you know if a new upcoming project is credible?

Judge it by its already established partners. This has been telling of Polka $DOT projects.

$RAZE x $KYL

$APN √ó $CRU

$SHOPX √ó $BMI"
1373049694885142528,2021-03-19 23:12:11,0,94,114,I know hold $ADA $DOT $BC $ZIPT $XMR &amp; $MANA.  #Crypto what‚Äôs in your wallet!?! #cryptotwitter #cryptocurrencies
1373049567080497155,2021-03-19 23:11:41,12,789,628,"This means that $ETH, $ATOM, and $DOT users will be able to bond their coins into bAssets and deposit them into @anchor_protocol which will allow them to borrow $UST.

In other words = More $LUNA needed. 

$UST and $LUNA supply squeeze activated. https://t.co/wA4zk5c4lV"
1373049563368538114,2021-03-19 23:11:40,36,53,55,"@CommunityFlare Best of all, #Flare and the #Wanchain solution are very likely to complement each other. I don't believe in a zero-sum game, the more digital touchpoints a network has, the better the traffic can flow on the digital information superhighway. $WAN $XRP $DOT $EOS $BTC $ETH $FNX"
1373049442455130114,2021-03-19 23:11:11,9,117,119,"$WOLFY on fire üî•üöÄ and this is the start. The prediction platform with the edge üöÄ 

$LINK $ORAI $ROOM $DOT $ADA $HTR $DOGE $KYL $SUPER $SALE $LABS $PLOTX $YOP $BMI https://t.co/d2U7StKcy6"
1373049269226250242,2021-03-19 23:10:30,0,287,773,"$BTC, $ETH, $XTZ, $LTC, $LINK, $DOT, $ZEC and $ZEN  all have some potential. Should long.üìàüöÄ"
1373049230777061376,2021-03-19 23:10:21,0,1,3197,"üîÑ Prices update in $USD (1 hour):

$BTC - 58266.7 $  (-0.45 %)
$ETH - 1810.79 $  (-0.67 %)
$DOT - 38.12 $    (-1.36 %)
$ADA - 1.31 $     (-1.0 %)

#BTC #ETH #DOT #ADA #Crypto #Bitcoin"
1373049119846109189,2021-03-19 23:09:54,1,0,0,"Isn't that exactly what you want?

$DOT $BTC $ETH $DODO $OKB $STX $FTT $HT $INJ $ANKR $BNB #Bitcoin #BTC #ETH #Litecoin #binance #doge #dogecoin #chainlink $ZIL $LTC $XRP #Ethereum $EOS $ADA $DASH $XLM $TRX $DOT $ATOM $BNB $OMG $QTUM $DGB $VET $ONT $GRT $UNI $XTZ $NEO $XVG https://t.co/89aiGZ5TV3"
1373048990158180360,2021-03-19 23:09:23,1,152,279,"$OXT looking juicy üòçüöÄüöÄ and PRIV8 on Tuesday it‚Äôs on for 2 days it has MASSIVE names on there OXT is going to be the coin to watch for next week üëå

$btc $eth $uni $grt $link $dot $vet $ltc $un $bat $xrp $xlm $loom $fil $ada $bnb $HBAR $OMG $doge #bitcoin #altcoinseason"
1373048777007886337,2021-03-19 23:08:33,0,116,16,"@maxkeiser There‚Äôs shitcoins like BCH, BSV and XRP and then there‚Äôs brilliant altcoins like $LUNA $VET and $DOT that are the future of finance, it‚Äôs lazy to call them all shitcoins."
1373048696363880449,2021-03-19 23:08:13,0,533,223,"@davidgokhshtein I keep several altcoins like $ADA, $DOT, $NWC which have the potential to be bullish and could be 5-10x in the near future, without a doubt this crypto is a favorite in my life. Primarily on profit, it is in $NWC lately."
1373048614885359616,2021-03-19 23:07:54,9,1571,10475,"@verasitytech definately has my attention after reading the patent
Can only imagine the companies that would love to utilize this
 $vra under $1 even $0.50 is a joke

#BTC #Bitcoin #Crypto #ad #Ethereum #eth #polkadot #defi #NFTs $ksm $dot $yfi $loot $link $qnt $oin $woo $reef https://t.co/NwNHPgh4KV"
1373048509180604420,2021-03-19 23:07:29,36,317,78,"They call me Charles, but I‚Äôm no Hoskinson. 

I‚Äôm TEAM Vitalik, Gavin and Marcelo üöÄ

$ETH, $DOT, $HTR üëë"
1373048481867259904,2021-03-19 23:07:22,0,14,15,"@TradingTank I was searching for LP pools and faced @BasixProtocol
LP, classic pools, so as NFT - anybody have used that?

 $helmet $avs $open $dg $bitt $amp $dacc $mango $ume $cub $hydro $duo $1st $dog $super $dot $mla $mana $bid $trdg $kit $entrc $btc $sprink $dexa $pkf $yusra $nftl $yplt"
1373048477043863554,2021-03-19 23:07:21,2,139,489,"$dot break out !! pump it !!  üêéüêéüêé

$btc $eth $ada $busd $chz $bnb $xrp $enj $rvn $luna $alice $vet $hot $xem $ltc $mith $sxp $theta $ogn $mana #altcoin #cryptocurrency #CryptoNews #cryptosignal https://t.co/fcANZCVFiX"
1373048465991872515,2021-03-19 23:07:18,5,1101,398,"$STMX might be my first ‚Äúcents to dollars‚Äù coin at this rate!  Crazy performance and nobody wants to talk about it for some reason. 

$BTC $ETH $LTC $LINK $DOT $LUNA $OCEAN"
1373048258893844481,2021-03-19 23:06:29,2,454,193,"Overall green day, another day of news for $ADA, $DOT and $UNI. Biggest declines in $BAT, $CHZ and $MANA. https://t.co/BXAm6P4HW4"
1373048248592650250,2021-03-19 23:06:27,6,119,8,"‚ÄúOnly buy something that you‚Äôd be perfectly happy to hold if the market shuts down for ten years.‚Äù
Warren Buffett

$ORAI $eRSDL $HTR $KSM $DOT 

(And no the top is not in with this quote) üòâ"
1373048238509539330,2021-03-19 23:06:24,0,120,40,"@SarahKHolford @LuoshengPeng Well ones like $DOT, $LINK, etc have actual network effect and look more like investing in a stock not just some pump coin."
1373048230804656133,2021-03-19 23:06:22,0,14,32,"found  @ENEXSPACE and read the post about the new $ENX token‚Ä¶ my thoughts will never be the same, folks,guys,dudes,man!)

This is one of the best investments for the  past 6 months! Is it legit?

$kimchi $flo $ntrc $bitt $vet $dexa $exrn $dot $egg $vd $bid $cofe $lina $drc"
1373048128312606720,2021-03-19 23:05:58,0,71,0,$KSM taking a break before the next leg up. No Idea why $DOT is moving before $KSM as the launch is next week. $DOT is next month.
1373047729937555458,2021-03-19 23:04:23,0,45,366,"AltcoinBuzz: $LINK review - oracle - enables smart contracts. Expect a run - resist at 34.39. 37 and 40.

Cowen: $DOT at $36 - looking for a bounce. 18% to get to ATH.

Bitboy: $CHZ 128x, $OMI 460x, $ERN

Chico: Ampleforth $AMPL testing V2 on alchemist coin - NFT &amp; geyser V2"
1373047597691236357,2021-03-19 23:03:51,1,201,23,$BTC $ETH $KAT $CHZ $FIS $LTC $DOGE $XRP $ADA $TRX $CAKE $DOT $BOT $LINK $SUSHI $XLM $ZIL $QSP $ALPHA $TOMO $DLT $TWT $GO $ATOM $BNB $STMX
1373047351565242368,2021-03-19 23:02:53,2,30,191,"$KAT @KambriaNetwork have really amazing partners and Universitys like Stanford (Top10 international) and only 15m market cap. Take a look

$BTC $ETH $KAT $CHZ $FIS $LTC $DOGE $XRP $ADA $TRX $CAKE $DOT $BOT $LINK $SUSHI $XLM $ZIL $QSP $ALPHA $TOMO $DLT $TWT $GO $ATOM $BNB $STMX https://t.co/WUL19icZXq"
1373047287044304902,2021-03-19 23:02:37,0,55,9,"Update on $DOT
Breaking trendline &amp; local 0.618
Heading to 60k? https://t.co/zGuz7oSPSb"
1373046913629577220,2021-03-19 23:01:08,0,2,3,"Subscribe the channel and get best FREE signals for Altcoins üëâ https://t.co/D3QHCdgA7R

$LINK $EGLD $SWRV $KSM $RSR $YFII $BCH $SUSHI $BZRX $ATOM $UNI $WING #bitcoin $EOS $TRB $WAVES $XTZ $IDEX $BTC $ETH $DOT $STX $ADA $WBTC $XRP #NFT #BSC https://t.co/aftyET7huI"
1373046903462592520,2021-03-19 23:01:06,0,0,2,"Subscribe the channel and get best FREE signals for Altcoins üëâ https://t.co/07uhgTUd1O

$dot $fet $eth $vidt $link $ada $eos $xlm $atom $Miota $omg $bat $zrx $knc $ksm $zil $hbar $ocean $sc $enj $egld $snt $kmd $utk $iris $wan $data $agi $xtz
$BTC #NFT #BSC https://t.co/z3NFVa5sR7"
1373046857044217858,2021-03-19 23:00:55,0,81,109,"@LSDinmycoffee Hopefully, iv been glued to the 5min chart all day for $dot, it‚Äôs touched and broken support 32 times, that‚Äôs 32 ‚Äúomg here we go!‚Äù to ‚Äúahh man..‚Äù üòÇ"
1373046840392740864,2021-03-19 23:00:51,2,34,100,"Give me one good reason not to buy $VRA here üëÄ

$FET $DIA $HTR $REEF $LUNA $DOT $ADA https://t.co/JGVWFoFfjs"
1373046834634035203,2021-03-19 23:00:50,0,341,26,only want prices to drop so I can buy more $KSM $DOT
1373046528156180481,2021-03-19 22:59:36,0,47,925,"Imagine saying something up 40% price is crashing lol this is why they tell people to hold

$BTC $ADA $REN $ETH $SRK $LTC $UNI $ELA $DOGE $ankr 
$BNB $DOT $KCS $vet $fil $tel $enj
$chz $sxp $bch $aave $fet $vra https://t.co/Dz6BaAE4BO"
1373046418982715397,2021-03-19 22:59:10,27,223,14,"Someone sent...

ü§Øüëâ $266 MILLION using $ALGO and it cost less than a penny and took 4.5 seconds. 

Let's go #Algorand 

#cryptocurrencies #CryptoNews #Bitcoin #btc #eth #Ethereum $btc $eth $vet $mana #Algorand #Crypto $ADA $ATOM $XLM $DOT #Binance #Coinbase #altcoins $vet $fame https://t.co/mBSwvrQB3X"
1373046000567341062,2021-03-19 22:57:31,0,1,4828,"üîÑ Prices update in $USD (1 hour):

$BTC - 58489.1 $  (-0.34 %)
$ETH - 1819.16 $  (-0.42 %)
$DOT - 38.3 $     (-1.21 %)
$ADA - 1.33 $     (+0.62 %)

#BTC #ETH #DOT #ADA #Crypto #Bitcoin"
1373045969005215749,2021-03-19 22:57:23,0,0,2,"The pinnacle of opportunities..

$HT #1inch $RVN $vet #tesla #binance $LTC #ocean $BAT $LINK #finance $XTZ #theta $DOT $chz $CEL $FTT #Doge $XRP $KAVA #ENJ #eos $SNT $SNX #ethereum $HOT $AMP $MANA $EOS $CAKE $LRC $iost #hbar $KCS $LEO #band $aave #okex #crypto https://t.co/8RZCgxxD8i"
1373045567647981572,2021-03-19 22:55:47,3,2978,1280,"Hmmm, I wonder what will happen next... $DBC

$eth $klv $cvc $enj $doge $ada $kcs $bnb $rdd $dgb $dot $mana $trx $xlm $ocn $luna $dash $atom $ltc $eos $neo $mhc $chr $dock $vra $ftm $iotx $mwap $go $xrm $zec $tel $btc #alts 
 #bitcoin #Crypto $spy #DeFi https://t.co/8Dgf7JuRkO"
1373045555430100993,2021-03-19 22:55:45,0,14,15,"Building a connection between #CeFi and #DeFi is the main aim for @YIELDapp
of course except delivering of a good app

$lpt $ltc $cbm $cut $link $kit $tower $bitt $avs $dot $xrp $dailys $nxt $duo $matic $toc $mango $bnb $sono $mana $xem $med $kimchi $nftp $xpr $enj $sprink $iq"
1373045347208024082,2021-03-19 22:54:55,1,43,2,"$SXP üöÄ 
$DOT üöÄ 
$ONT ‚è∞..."
1373045214261170177,2021-03-19 22:54:23,2,351,5419,"Bullish on $ATOM, $DOT, $LINK, $ETH"
1373044836400459778,2021-03-19 22:52:53,4,58,159,"Which one would make it to #Coinbase next ??

$DOGE #dogecoin $LUNA $DOT $UBT $KSM $ONE $AVAX $FTT $EGLD 

https://t.co/DQ5OnnnXnH‚Ä¶"
1373044289253511174,2021-03-19 22:50:43,36,32,1,"#PolkaProject recently gained momentum, especially $DOT and $KSM. 

With the development of @Polkadot ecosystem, I believe more polkadot #substratebased projects will see further gains.

To name a few which listed on #Polkadot official #Lightpaper! 

Which has the most potential? https://t.co/LeMX6Kz92l"
1373044171104206849,2021-03-19 22:50:14,0,20,4,"Watching $DOT closely , if we hit that 40 area we will hit new ATH in a blink of an eye, send it üöÄ https://t.co/QxYHmkCEvy"
1373044162740809733,2021-03-19 22:50:12,10,149,58218,"$DOT vs $KSM

Is the big brother gonna lag forever behind the little sister?

I think not. https://t.co/YSCzkoBlDa"
1373044116708286470,2021-03-19 22:50:02,0,290,114,$DOT wants new ATH. After that price discovery üöÄ Parachains auctions will set #Polkadot as the main narrative again for a while
1373043592802017283,2021-03-19 22:47:57,49,452,75,"$LINK Market Cap = $12.1 Billion

$ADA + $DOT Mkt Cap = $74 Billion

That is all... üòé"
1373043533439897601,2021-03-19 22:47:42,2,79,539,"$DREP lets make another green candle ‚úÖ 

$DREP üöÄüöÄ

$BTC $ADA $PERL $TROY $DOGE $BCH $BNB $TRX $SUSHI $XRP $SAND $EOS $USDT $LTC $XLM $DOT $LINK $XMR $UNI $YFI $BAT $ENJI $XVS $XVG $XEM $AAVE $EOS $CRO $XTZ $FTT $VET $NEO $WAXP https://t.co/ZZpcF1Gj2H"
1373043229759733760,2021-03-19 22:46:30,10,3,3,"2/2 As we roll out the app, partnerships &amp; marketing, awareness of $VID will significantly increase. This trend will continue; with the price increases becoming quicker, and steeper.
$btc $eth $dot $ada $storj #videocoin $vid $theta $fil¬† $LVP #btc #aws #googlecloud #Azure https://t.co/raYPxw4lap"
1373043201234329600,2021-03-19 22:46:23,0,3,3,"$SKL your portfolio this weekend.

see what's coming üåãüåãüöÄüëáüëáüëá

$link $btc $eth $nu $algo $grt $mana $ren $band $cvc $dnt $fil $dash $knc $bnb $oxt $bat $doge $aave $xtz $xlm $xrp $zrx $ada $dot $uni $ren $xmr $trx $sol $sushi $enj $maker $atom $ada $skl $matic  $ocean $rune https://t.co/ejOs0vt85O"
1373043188756320256,2021-03-19 22:46:20,0,335,3717,"#BTC &amp; #ETH - Detailed TA! 

Just be ready &amp; do not miss it... Enjoy! 

Do not forget to like, share &amp; sub to the channel! Thanks 

https://t.co/KLlONtRvD1

#cryptoartist $HNT $ONE $RSR $UNI $QTUM $SXP $AKRO $SFP $AVAX #1inch $FIL $ICX $LUNA $TRX $DOT $COTI $ADA $XRP $LINK"
1373043059668230148,2021-03-19 22:45:49,0,195,16,@AltcoinDailyio Tbh $DOT
1373043057050804224,2021-03-19 22:45:49,18,3,3,"1/2 üî•üî•‚ÄúEven though the #VideoCoin $VID Console provides an easy to use interface, the network‚Äôs strength lies in simple yet powerful API that can be used programmatically to build very powerful video applications.""

$#btc $eth $dot $ada $storj #videocoin $vid $theta $fil $LIV https://t.co/JaR5Bs1XPV"
1373042911760195590,2021-03-19 22:45:14,14,625,174,"$DOT / $USD - Update 

Flip this region into support and we have a long opportunity on our hands legends üëå

The more times a supply zone is tested the weaker it becomes for the bears ‚ö°Ô∏è https://t.co/eMGD57zZhj"
1373042867208339463,2021-03-19 22:45:04,40,611,25333,"$XRT @AIRA_Robonomics could blast off here. 

Currently one of the lowest mcap ""legit"" $DOT $KSM projects. 

Could it become the ""go to"" IoT parachain? 

Recently did a BSC integration. GIthub is legit: https://t.co/m1GDrVnz1h

Prime and ready for Kusama season. https://t.co/yFHxH9Y1HD"
1373042049214160898,2021-03-19 22:41:49,8,592,135,"My targets for a few of my bags 
$link- $1000
$dot- $1000
$rune- $1000
$ltc- $1000
$luna- $1000
$anc- $1000"
1373041778908135426,2021-03-19 22:40:44,25,6,3,"$GRUMPY price is going parabolic! I'm already up 40% on it. üöÄ

$BTC $DOT $ETH $BNB $CAKE $AVAX $HTR $LUNA $ADA $ALICE $EWT $STMX $KONO $LABS $PKF $KYL $VISR $ERN $BDP $PAID $MOD $ZUZ $BIFI $HOGE $ENJ $MANA $FLOW $SAND $WAXP $DOGE $UNI $EGLD $MPH $OCTO $RFI $BMI $HTR $LINK $RSR https://t.co/TC1aQE63y2"
1373041755554258944,2021-03-19 22:40:39,0,632,1490,@SBF_Alameda @Etherean007 @FTX_Official The lag on adding $ADA + $DOT spot support
1373041361839079435,2021-03-19 22:39:05,0,221,324,"$cell just watch this project guys! Cellframe Quantum is similar like Parachains of $dot . 30million max supply , 5.4 million circulating. Last time under the 1 usd before it goes to moon!!"
1373041155298983939,2021-03-19 22:38:15,0,0,11,"@nbougalis 200 million USD Market cap??? Is it real ? Wanna be sure before getting  $FET by @Fetch_ai

 $cbm $bnb $duo $ltc $stmx $mss $scc $helmet $sono $exrn $treat $doge $hnt $bbc $fxt $bullshit $bear $dds $sprink $poodl $rgt $icnq $dot $mcc $reef $vd $enj $brick $fat $eth $uni $xem $iq"
1373041041863974918,2021-03-19 22:37:48,4,79,539,"$DREP ü§ù#NFT 

Events : FYI 

Load it before hit 100 sats 

#DREP

$BTC $ADA $PERL $TROY $DOGE $BCH $BNB $TRX $SUSHI $XRP $SAND $EOS $USDT $LTC $XLM $DOT $LINK $XMR $UNI $YFI $BAT $ENJI $XVS $XVG $XEM $AAVE $EOS $CRO $XTZ $FTT $VET $NEO $WAXP https://t.co/ZyQGJ0D1zf"
1373040939132981253,2021-03-19 22:37:24,0,108,417,"$DOT seems bullish üëä

Ok let's go üöÄüöÄüöÄüöÄüöÄ"
1373040553252769794,2021-03-19 22:35:52,0,55,41,"bought a bag of $APPC. Could be a nice pump this weekend if #BTC is on board..
Chart looks juicy, starting to see some volume too...
üöÄüöÄüöÄ

$VRA $TEL $ZEE $CPX $ETH $BTC $RSR $VGX $LINKK $DOT $UNI https://t.co/H7rI8FLmv5"
1373040547745697792,2021-03-19 22:35:51,2,83,7,"$unfi the graphic is nice. It got reaction from the first support point and I think the rise will start from here again at the support point for the second time.

#binance #bitcoin  #btc #eth #Crypto #xrp #doge $doge $xrp $btc $eth $atom $dot $algo $sxp $bnb https://t.co/hhIACTGbaG"
1373040372549623812,2021-03-19 22:35:09,0,124,64,"@Eric_Weiner48 Yeah I got both, as well as some $DOT and $XLM. 

But seems more and more momentum is building up for $BTC with new ETFs, companies buying it, gov‚Äôs looking at it etc.. Seems like still long run to go"
1373040357148127232,2021-03-19 22:35:05,5,0,0,$KSM: Breaking all time high levels in this environment is really nice to see; I think this probably pulls $DOT up given their relationship. Buy all dips. #KSM #Kusama https://t.co/QR2IKHHPK5
1373040294543900674,2021-03-19 22:34:50,2,2,192,"The smartest thing you could do with $vtho is hold and wait till end of summer

 IF YOU WANT 10X TO 100X $Vet

#doge #dogearmy #dogecoin $doge $matic $rvn $bnb $btc $eth #ethereum #bitcoin $aave $snx  $sushi $zrx  $algo $ada $dot #CryptoNews #NFT #bitcoin"
1373039862891343874,2021-03-19 22:33:07,0,1,3163,"üîÑ Prices update in $USDT (1 hour):

$BTC - 58540.4 $       (-0.08 %)
$ETH - 1821.36 $       (-0.1 %)
$DOT - 38.49 $         (+0.21 %)
$ADA - 1.32 $          (-0.15 %)

#BTC #ETH #DOT #ADA #Crypto #Bitcoin"
1373039743127056387,2021-03-19 22:32:39,21,83,22,"Today #EOS Gem is our very own Hero Project $DAPP üöÄ

@LiquidAppsIO started as a eureka discovery by @tmuskal and has evolved into a plethora of #Blockchain products

#LiquidBridge now supports $EOS, $ETH, $DOT, $BSC, $ATOM, $KSM, $VET, $TRX &amp; $WAX

$DAPP is still at a $14M MC üíé https://t.co/qRstkGQhA9"
1373039700127019010,2021-03-19 22:32:29,0,10,340,"FORGET #BITCOIN, #ALTCOINS are MOVING! With https://t.co/Quu5i39vrv you can analyze where the VOLUME/PRICE is moving!

#BTC #ETH $NPXS $BTT $HNT $RSR $ONE $BSV $HOT $UNI $CRO $SC $AVAX $DGB $QTUM $TRX $1INCH $AR $FIL $DOT https://t.co/PLy0uuh4sN"
1373039593096843265,2021-03-19 22:32:03,2,79,539,"$DREP upcoming events üöÄüöÄüöÄ

#BigPumpSignal 

#megaBullish 

$BTC $ADA $PERL $TROY $DOGE $BCH $BNB $TRX $SUSHI $XRP $SAND $EOS $USDT $LTC $XLM $DOT $LINK $XMR $UNI $YFI $BAT $ENJI $XVS $XVG $XEM $AAVE $EOS $CRO $XTZ $FTT $VET $NEO $WAXP https://t.co/dYHVzhNZ01"
1373039461798383617,2021-03-19 22:31:32,0,43,11,Bready boy‚Äôs weekend picks $rofx $xrt $ksm $dot and $ramp they are gonna pump just like your boy Bread https://t.co/7qQjGRBd3Z
1373039356802441220,2021-03-19 22:31:07,0,2634,780,"$DOT about to get sent and it will be glorious! 

#polkadot #alt #bullish AF #lfg https://t.co/hhdxnOX8H6"
1373039353954504704,2021-03-19 22:31:06,1,353,62,"$aion $wan $icx all run together, and they all look primed for a big moveüëÄ $btc $eth $dot $link $ada https://t.co/3ExNZ2S77N"
1373039319552778240,2021-03-19 22:30:58,5,145,361,"Plans are nothing, planning is everything üñïüñïüñï

$CGG üöÄ
üíö

#Binance #DeFi  $bnb $one $lina $ada $alice $bat $kit $link $oddz $fin $skey $dawn $vet $DFT $icx $kyl $visr $ern $super $mod $labs $DOT $uni #eth $boot
#btc $pkf $mana $matic #nft $OM $PRQ $pha $api3 $albt $cake $pond https://t.co/cAmL0mA8Sj"
1373039122479251458,2021-03-19 22:30:11,0,1,4739,"üîÑ Prices update in $EUR (1 hour):

$BTC - 49190.2  ‚Ç¨ (-0.18 %)
$ETH - 1531.64  ‚Ç¨ (-0.09 %)
$DOT - 32.34  ‚Ç¨ (+0.36 %)
$ADA - 1.11  ‚Ç¨  (-0.12 %)

#BTC #ETH #DOT #ADA #Crypto #Bitcoin"
1373039054409850880,2021-03-19 22:29:55,0,95,995,C‚Äômon $DOT do the thing
1373039040325357568,2021-03-19 22:29:51,1,125,179,$DOT looking like a coiled up spring - daily chart  #Polkadot #Crypto https://t.co/6j5UBWXCzN
1373038803120754692,2021-03-19 22:28:55,0,105,19,"My bags 

$ADA $LUNA #Bitcoin 

small features $CHZ $BNB $DOT $EGLD 

Not chasing coins again..we Hodl!"
1373038560287227907,2021-03-19 22:27:57,0,7,0,"@davidgokhshtein meanwhile, $STPT about to go 10x

$ADA $BTC $ETH $LTC $XRP $AVA $WING $WIN $STMX $ONE $DOT $SXP $HOT $UNI $1INCH $VTHO $LUNA $LINA $DOCK $COTI"
1373038409237757953,2021-03-19 22:27:21,2,301,209,"$LUNA is your favorite coin‚Äôs favorite coin.  Looking at you: ‚¨áÔ∏è‚¨áÔ∏è‚¨áÔ∏è

$BTC $ETH $LTC $DOT $LINK $ADA $OCEAN $CHZ $ONE $MATIC $ENJ $STMX $MANA $VET $HBAR $ZIL"
1373038409019703304,2021-03-19 22:27:21,1,108,213,"@Sceat_ Lets go to 2$ baby $vidt

$ada $akro $gvt $req $xtz $matic $egld $uni $coti $avax $doge $sxp $aave $theta $eth $vidt $btc $reef $ksm $xem $rvn $xlm $xrp $zec $sushi $lit #holo $trx $bnb $link $iota $dot $atom $iost $vet $snx $mkr $zrx $sxp $xvs $utk $celr #BSC¬† #ada $hot $zil"
1373038383157673987,2021-03-19 22:27:15,0,377,609,Is this happening or what? $DOT
1373038315973263372,2021-03-19 22:26:59,0,571,208,Just over 8 hours left to vote!! $LTO $VIDT $DOGE $ADA $ANKR $UNI $DOT $VET $VTHO $BTC $ETH $XRP $PNT #Altseason2021 #BTC https://t.co/oK6ljO5gFz
1373038284352278531,2021-03-19 22:26:51,15,928,413,"The Graph $GRT - 

But on Polka $DOT

$APN @apronofficial1"
1373037656586788876,2021-03-19 22:24:21,0,147,62,"$DOT: A surge in the horizon

https://t.co/WpSC9DqiBA"
1373037381159317506,2021-03-19 22:23:16,2,79,539,"Hope you bought the dip $Drep $Troy $Sc $Xvg 

100 sats bundle coins üöÄüöÄ

$BTC $ADA $PERL $TROY $DOGE $BCH $BNB $TRX $SUSHI $XRP $SAND $EOS $USDT $LTC $XLM $DOT $LINK $XMR $UNI $YFI $BAT $ENJI $XVS $XVG $XEM $AAVE $EOS $CRO $XTZ $FTT $VET $NEO $WAXP"
1373037058810339333,2021-03-19 22:21:59,7,322,4194,"$ERN is going crazy!

The best #NFT out here and it made BitBoy in a video üí™üèº

Do not sleep on ERN fellas!

$ONE $DOT $OCEAN $LINK $ORAI $VET https://t.co/PwVjfqpyoZ https://t.co/PFvIAds0BA"
1373036899808464896,2021-03-19 22:21:21,0,98,6,$40 $DOT today would be nice just sayinn
1373036747634970630,2021-03-19 22:20:45,4,157,107,"$omg is launching a DEX. Fast exits are audited right now, and a lot more is happening in the back.

@omgnetworkhq ant the whole @gbvofficial team is just killing it!

$BTC $ETH $XRP $DOT $ADA $LTC $BNB $XLM $UNI $AAVE $DOGE $SNX $EOS $MKR $ATOM $XTZ $COMP $SUSHI $CEL $SOL $UMA https://t.co/qRSll7ab69"
1373036607494840320,2021-03-19 22:20:11,0,30,6,"@CryptoMellany After recent run of $KSM it might indeed be time for $DOT to move as well. I like your feed, you are giving heads up of what may come; no one has a glass bowl... Keep doing the good work and keep your feet on the ground ;-)"
1373036526091796480,2021-03-19 22:19:52,1,211,1350,"I told you guys üôå 
4x and still huge potential to growth 
$SXP @SwipeWallet 

#altcoins #Altseason2021 #lowcapalts
$BTC $ETH $DOT $ATOM $LUNA $PHA $FTM $BNB $RSR https://t.co/qwJlgDjy84"
1373036428045680643,2021-03-19 22:19:28,0,405,58,Buying some $dot. Mid-term it should do well.
1373036415458574338,2021-03-19 22:19:25,0,928,413,"Two beautiful projects collaborating each other which is a really really good news to @Bridge_Mutual and the @OfficialZeroDEX üëèüëèüëè

Congrats both! $BMI $ZERO $UNI $LINK $REEF $DOT $GRT $TROY $QUANT $XLM $MNE $PAID $PPAY https://t.co/Vj5daMi80r"
1373036202077478916,2021-03-19 22:18:35,2,30,191,"Enter now https://t.co/x4A09487nU $KAT #KAT

$BTC $ETH $KAT $CHZ $FIS $LTC $DOGE $XRP $ADA $TRX $CAKE $DOT $BOT $LINK $SUSHI $XLM $ZIL $QSP $ALPHA $TOMO $DLT $TWT $GO $ATOM $BNB $STMX"
1373035512525692930,2021-03-19 22:15:50,1,81,57,"Okay, we should be done here. Send it üöÄ $dot"
1373035380170166272,2021-03-19 22:15:19,4,715,12852,"#DOT $DOT /USDT 1D TF, breakout time https://t.co/OJLBHG0euu"
1373035183109251079,2021-03-19 22:14:32,0,592,374,"@bon_laetitia pareil cote crypto, time to buy , $btc, $bnb, $ada, $sol, $dot"
1373034982625714187,2021-03-19 22:13:44,80,459,83,"We made an interesting experiment: compare for the next 12 months an investment in $eGLD, $ADA, $DOT, $ETH and $BTC

Take a look into the results of our study:
https://t.co/m3LgcWzeQO https://t.co/hDpWoMooxg"
1373034601434783744,2021-03-19 22:12:13,0,81,109,$DOT beginning a break out on the day chart üëÄ https://t.co/DoO3xrqReU
1373034288753618949,2021-03-19 22:10:58,0,50,19,@Scot1andT $DOT too?
1373034090308513793,2021-03-19 22:10:11,0,1,3197,"üîÑ Prices update in $USD (1 hour):

$BTC - 58531.5 $  (-0.16 %)
$ETH - 1822.99 $  (+0.06 %)
$DOT - 38.64 $    (+0.82 %)
$ADA - 1.32 $     (-0.04 %)

#BTC #ETH #DOT #ADA #Crypto #Bitcoin"
1373033941721100293,2021-03-19 22:09:36,1,37,19,"$MATIC /USDT  
Buy  0.40
Target  0.53

Sit Back &amp; Enjoy Your Cookie üç™üòâ

$BTC $ETH $XRP $DOT $KSM $LINK $GRT $CHR $SXP $ROSE $VITE $COCOS $UTK $IOTX $DOCK $DREP $NPXS $DENT $KEY $AXS $DEGO $SKL $SUSHI $ZIL $CHZ $MATIC $CHZ $ANKR $AKRO $TROY $MBL $STMX"
1373033922326622212,2021-03-19 22:09:31,14,722,77,"@Fetch_ai With mainnet release @Fetch_ai $fet starts enabling cross-chain compatibility, unlocking huge value for $fet services for every chain to access #AI &amp; #MachineLearning services! #nfts, #DeFi $luna $mkr $mir $aave $xvs $snx $comp $sxp $avax $uni $dai $rune $yfi $ada $one #BSC $dot"
1373033727169683457,2021-03-19 22:08:44,6,479,19666,$DOT is abt to get sent hard! https://t.co/PCBMRUzARs
1373033710715609094,2021-03-19 22:08:41,0,134,120,"The Power of the Pools! @PaypoolF 
#BTC #BSC  #ETH #DOT #Crypto #PaypoolFinance
$BTC $BNB $ETH $DOT $CAKE $LUNA $PPF https://t.co/3NkuA5FwyV"
1373033706970091521,2021-03-19 22:08:40,0,47,73,"@dave_stancel @avalanchepunks $POLK is a $dot powered prediction market.

it just listed a  few weeks ago and it's doing well so far, chart looks like it's about to break out https://t.co/gE4PzmrjUm"
1373033688112320516,2021-03-19 22:08:35,0,342,245,"@Altcointraders_ $ETH
$DOT
$GLCH

$STN (If IDO I get whitelisted)"
1373033583560982528,2021-03-19 22:08:10,1,115,452,"@CryptoNewtonn $DREP LETS SEND IT full BRO üòé 

I am loaded .....

Fuck the sellers üòÇ üòÇ 

$BTC $ADA $PERL $TROY $DOGE $BCH $BNB $TRX $SUSHI $XRP $SAND $EOS $USDT $LTC $XLM $DOT $LINK $XMR $UNI $YFI $BAT $ENJI $XVS $XVG $XEM $AAVE $EOS $CRO $XTZ $FTT $VET $NEO $WAXP"
1373033530599555080,2021-03-19 22:07:58,4,436,16372,"$RHOUSE on #BinanceSmartChain¬† 

Only 100 tokens exist ü§Øü§Øü§Ø

$Ada $Ftm $Xrp $Dot $Ltc $Sxp $Link $Vet $Enj $Sushi $Atom $Dag $Chz $Uni $Luna $Neo $Bake $Iota $Ksm $Dash $Hot $Ankr 
$Dia $Htr $Band $Chr #Btc #bitcoin #Meme #Ethereum $BTC $ETH $MEME $NFT $DOGE $BNB $CAKE #bsc https://t.co/dC4oXoZpOg"
1373033520197632000,2021-03-19 22:07:55,0,848,1677,@AltcoinDailyio $DOT and $KSM
1373033395467456517,2021-03-19 22:07:25,2,0,321,"The Power of the Pools üí™

Diversify your risks by splitting the cake within your investment pools. 

#BTC  #BSC  #ETH #DOT #Crypto #PaypoolFinance
$BTC $BNB $ETH $DOT $CAKE $LUNA $PPF

Learn more üîΩ More info coming soon https://t.co/VBSlScbZcW"
1373033235559550977,2021-03-19 22:06:47,0,507,139,"@TheMoonCarl The chance is smaller, if you want it to be faster, altcoins are the answer. Lots of potential altcoins like $DOT, $ADA, $NWC, which could get you 10-100x this year. But not for bitcoin."
1373033082765328391,2021-03-19 22:06:11,0,1032,447,"$STPT going to fly over the next few days üëÄüõ´ 

$ADA $BTC $ETH $LTC $XRP $AVA $WING $WIN $STMX $ONE $DOT $SXP $HOT $UNI $VTHO $LUNA $LINA $DOCK $COT"
1373032898794823687,2021-03-19 22:05:27,0,121,10,"$DOT is going to explode tonight, prepare your bags for the Mooooooon üöÄüöÄüöÄ https://t.co/tn1M1rXZL7"
1373032852170940420,2021-03-19 22:05:16,0,89,9,@MoonOverlord $dot ma bruh
1373032814153666560,2021-03-19 22:05:07,3,79,539,"$DREP buy this small dip imo 
Easy profit 

$DREP adding here moreüöÄüöÄ

Don‚Äôt worry i will send it 

$BTC $ADA $PERL $TROY $DOGE $BCH $BNB $TRX $SUSHI $XRP $SAND $EOS $USDT $LTC $XLM $DOT $LINK $XMR $UNI $YFI $BAT $ENJI $XVS $XVG $XEM $AAVE $EOS $CRO $XTZ $FTT $VET $NEO $WAXP"
1373032227328684043,2021-03-19 22:02:47,0,150,76,Send it. #polkadot $DOT https://t.co/vBu3j1he1R
1373032139646767105,2021-03-19 22:02:26,39,238,15,"I believe both $RSR and $DOT will be listed on Coinbase during the next 4 weeks. 

Targets:

$DOT $100+
$RSR $0.20+ https://t.co/uBkoczfJXM"
1373032124064919558,2021-03-19 22:02:22,1,345,337,"Received and setup my @SpiderDAO #SpiderConnect Router today!! How am I feeling about $SPDR? Bullish AF. The first and best $POLS IDO. If you love $DOT, send it!!! üï∏üï∑üöÄüî•üíé

Read my mega thread here: https://t.co/ximLNixqou https://t.co/D1NFEdWKpo"
1373031852999639041,2021-03-19 22:01:18,0,3618,2471,"@davidgokhshtein Steadily picking up $AWC token from @AtomicWallet, $ADA, $DOT at dips and enjoying some nice scalping and staking profits too."
1373031752776740865,2021-03-19 22:00:54,0,1159,2482,"@walshwealthVC  @CryptoGodJohn

Daily Scan &amp; Trade Updates 03/19/21 

WE Longed $DOT $INCH $AXS $RSR $SUSHI $ETH $SXP $SFP $EOS $LTC

Entries have been Shared For 100% Transparency

https://t.co/tZabgxc0dh

Subscribe to Our YouTube Channel

$BTC  $ETH $TRB $XLM $SXP $TRX  $ADA"
1373031676121468929,2021-03-19 22:00:35,0,199,92,Lovely move in $DOT. I have a big bag of this one. 2021 will be great for @Polkadot https://t.co/254XblXFBd
1373031542893772803,2021-03-19 22:00:04,0,17,1,"use digital assets. The STP Standard specifies how tokenized assets' ownership is created, released, sent, and received while adhering to all applicable regulations.
$ADA $BTC $ETH $LTC $XRP $AVA $WING $WIN $STMX $ONE $DOT $SXP $HOT $UNI $1INCH $VTHO $LUNA $LINA $DOCK $COTI"
1373031427487506439,2021-03-19 21:59:36,6,585,7890,"We are Hiring!

Click Here. --&gt; https://t.co/Irnih3pxhP

#substrate #PolkaDOT #CryptoJob #cryptocareer #BlockchainJob #GrowthMarketing #ProjectManager
#BitGreen $BitG $DOT #Polkadot https://t.co/5BE7g0QEim"
1373031330351570949,2021-03-19 21:59:13,27,98,15,"You see what $KSM is doing?

Their lead dev just launched $ZTG @ZeitgeistPM  - the FIRST Prediction Markets Parachain on Kusama

And the team has WORKED at Web3 Foundation.

This just catipulated to the top of list of Polka $DOT projects in 2021 https://t.co/9AECgv0p4L https://t.co/SbvECuLFW1"
1373031045000536073,2021-03-19 21:58:05,16,136,95,"[üì∫New Videoüì∫] With the @origin_trail staking milestone of 100,000,00 $TRAC staked we move into the @xdaichain implementation. There are a couple things everyone needs to be aware of in the latest release by the team. 

Enjoy: üëá

https://t.co/dy5E11aY4m. 

$TRAC is coming! $DOT https://t.co/PK5GBiHouC https://t.co/MCanjo5u9o"
1373030985227399171,2021-03-19 21:57:51,4,79,539,"$ANKR breakout üöÄüöÄ

Buying signal !!! 

200 sats first target üéØ 

$BTC $ADA $PERL $TROY $DOGE $BCH $BNB $TRX $SUSHI $XRP $SAND $EOS $USDT $LTC $XLM $DOT $LINK $XMR $UNI $YFI $BAT $ENJI $XVS $XVG $XEM $AAVE $EOS $CRO $XTZ $FTT $VET $NEO $WAXP https://t.co/jnSF5OETCf"
1373030858584690693,2021-03-19 21:57:21,0,1,4828,"üîÑ Prices update in $USD (1 hour):

$BTC - 58690.2 $  (+0.49 %)
$ETH - 1826.75 $  (+0.42 %)
$DOT - 38.77 $    (+1.5 %)
$ADA - 1.32 $     (+0.64 %)

#BTC #ETH #DOT #ADA #Crypto #Bitcoin"
1373030831434952711,2021-03-19 21:57:14,0,2,192,"$vtho Wants all the üö¨ 

 IF YOU WANT 10X TO 100X $Vet

#doge #dogearmy #dogecoin $doge $matic $rvn $bnb $btc $eth #ethereum #bitcoin $aave $snx  $sushi $zrx  $algo $ada $dot #CryptoNews #NFT #bitcoin"
1373030656620519425,2021-03-19 21:56:32,0,685,161,@Tradermayne Do u have $DOT?
1373030601297698816,2021-03-19 21:56:19,0,1019,124,"I feel like this weekend is gonna be epic for #crypto. So many great projects emerging and showing real world value. 

Current portfolio: $LUNA $KSM $DOT $LINK $ANC $HTR $QNT $DFT $AIP3 $FET $ORAI $RSR $JUP $ERSDL $VRA and $STRONG nodes. 

Stay humble. Stay present. Stay hungry."
1373030502295306240,2021-03-19 21:55:56,1,152,279,"If you missed it #PRIV8 is on Tuesday! $OXT is the #1 coin to look out for next week! 
$btc $eth $uni $grt $link $dot $vet $ltc $un $bat $xrp $xlm $loom $fil $ada $bnb $HBAR $OMG @imBagsy @AltcoinDailyio @Bitboy_Crypto @BitcoinDood @Altcoinbuzzio @MartiniGuyYT @MoonOverlord $doge https://t.co/SIdIRN4sGJ"
1373030302709383173,2021-03-19 21:55:08,1,287,124,"""You are the Key to the Next World with your Private Key Bitcoin""

Konrad Cutlis - 2021

$LTC $XLM $TRX $BCH $LINK $DOT $EOS $DAI  $XMR $UNI  $AVC  $SUSHI $AAVE $WBTC $SNX $YFI $AMPL $MANA $BAT $ENJ $EURS $VNDC $NBX $TRTL $BTC $XRP $ETH"
1373030168265158656,2021-03-19 21:54:36,0,108,44,"@Tokocrypto @iSafePal HEy guys I have a quick stop here , so jump in my ZENON spaceship and let's reach the moon toghether 
 
üì≤  https://t.co/vjTTKIe01o

üåê https://t.co/EKxxFHzGzk

üëâ@Zenon_Network
 
$ZNN $QSR #BTC $BTC $POLS $ADA $ETH $NANO $DOGE $LINK $DOT $SXP $XRP $QSR"
1373030016431316995,2021-03-19 21:54:00,0,13513,56335,DOT attempting a breakout for BINANCE:DOTUSDT by Shotokhan $DOT $BTC $ETH $USDT https://t.co/wAHtyhpnq1 https://t.co/AYLEGMT8pe
1373030005169557504,2021-03-19 21:53:57,1,0,54,"Soon you will regret you don‚Äôt own enough $ETH $ETHUSD #Ethereum ‚Ä¶‚è∞üöÄ

- - - - - - - - - - - - - - - - - - - 

$BTC $POLS $ADA $DOGE $NANO $BNB $LINK $FLOW $XRP $DGB $COTI $XVG $TVK $BONDLY $POLK $CVR $DOT $KSM $OCEAN $UTK $ATOM $DIA $RSR $XLM $YFI $AAVE $EOS $NEO $ICX $RUNE https://t.co/wbqOnvZyBD"
1373029648443961345,2021-03-19 21:52:32,3,518,31,"@crypto_birb My targets for 2021
$BTC $85k
$ETH $5k
$LTC $339
$LINK $82
$GDT $3
$EXRD $0.9
$XRP   $1.25 After SEC Battle
$DOT  $75
$BNB  $500
$ADA  $10
$Sushi $43"
1373029553682018305,2021-03-19 21:52:09,1,79,539,"$DREP breakout again üê≥üê≥ü§ëü§ë

Flip 55 sats to fly 64-100 sats now

Let it go guys üöÄüöÄüöÄüê≥

$TROY 64 is coming, tight your seat belts!!

$BTC $ADA $PERL $TROY $DOGE $BCH $BNB $TRX $SUSHI $XRP $SAND $EOS $USDT $LTC $XLM $DOT $LINK $XMR $UNI $YFI $BAT $ENJI $XVS $XVG $XEM $AAVE"
1373029392318922759,2021-03-19 21:51:31,76,1,208,"I am hyper bullish on @sifchain $EROWAN

-Built on Cosmos $ATOM SDK
-World 1st OMNI Dex and 100x times faster and cheaper than current ERC-20 DEXs

-Will integrate all major 25 blockchains

Team from: Coinbase, $ATOM, $Flow, Polka $DOT, $RUNE, $ADA, $XTZ

https://t.co/5MzsENjiZG"
1373029143663702017,2021-03-19 21:50:32,0,496,142,"$HYDRA, coming along swimmingly.  The bull flag has officially been bulled.  $20 by end of weekend. $LUNA $ANC $MIR $ADA $XRP $LINA $ETH $DOT $REN $LTX $LTC https://t.co/05f2zvs00T"
1373029091457200129,2021-03-19 21:50:19,1,115,452,"$Drep 100sats is coming, tight your seat belts!!

$BTC $ADA $PERL $TROY $DOGE $BCH $BNB $TRX $SUSHI $XRP $SAND $EOS $USDT $LTC $XLM $DOT $LINK $XMR $UNI $YFI $BAT $ENJI $XVS $XVG $XEM $AAVE $EOS $CRO $XTZ $FTT $VET $NEO $WAXP"
1373029004475826182,2021-03-19 21:49:58,0,1521,2460,"My week in the crypto market: +4.40%

Top performers:
$ATOM +22.30%
$LINK +6.46%
$DOT +8.99%

Worst performers:
$BTC +2.90%
$ETH +3.80%

How was your week?"
1373028942299291648,2021-03-19 21:49:44,0,0,54,"üíé $XVG #XVG should back to 62 sat very soon üöÄ

$sc $eth $ltc $xmr $xtz $dot $bnb $sushi $ada $coti $unfi $dgb $vet $zil $doge $neo $xlm $xem $bch https://t.co/XwRoy80JfG"
1373028895260348419,2021-03-19 21:49:32,1,108,44,"Really guys don't be like BILLY 
üì≤  https://t.co/vjTTKIe01o

üåê https://t.co/EKxxFHzGzk

üëâ@Zenon_Network
 
$ZNN $QSR #BTC $BTC $POLS $ADA $ETH $NANO $DOGE $LINK $DOT $SXP $XRP $QSR https://t.co/zxFTIcWbsV https://t.co/HMN8sAFuC7"
1373028850632945673,2021-03-19 21:49:22,0,476,236,@TheCryptoWolfOG @OnePumpManTA $DOT if I knew where to purchase it lmao
1373028803912536064,2021-03-19 21:49:11,1,117,119,"Or partially parts of the NFTs but hey that bit is just me speculating.

$WOLFY $LINK $DOT"
1373028747402649602,2021-03-19 21:48:57,5,71,3,Someone who can stop $DOT ? https://t.co/A66MQtyvhC
1373028658672205824,2021-03-19 21:48:36,0,35,71,"@IamDemijazz $POLK by @polkamarkets is a defi prediction market powered by $dot (currently on ETH while they work on the $dot version)

cool stuff and it's also in a good zone for some serious pumpage https://t.co/U1ORhitje4"
1373028644889767941,2021-03-19 21:48:33,0,36,28,@spiecr Man whats is your calculations please share ... lol $DOT 10K in next 9 months ... r u drunk ???
1373028341054386176,2021-03-19 21:47:20,0,23,5,@LayahHeilpern Other altcoins like $ADA $BNB $DOT etc are challenging it and might overcome it.
1373028285635047424,2021-03-19 21:47:07,0,1221,1689,$BTC $ETH $DOGE $BNB $DOT $TSLA $NVDA https://t.co/4Xi9ffmle6
1373028177078059008,2021-03-19 21:46:41,6,98,34,"Bombs being dropped in the  @SPECTREGRP TG AMA with $DORA 
@DoraFactory

They will list on

OKEx
https://t.co/UQxM7DiWkV
MXC
ZB
Biki 
Uniswap

on March 24th.

They also aim to be the first $KSM $DOT DAO As A Service Parachain."
1373027900778233857,2021-03-19 21:45:35,20,358,33,"DON‚ÄôT put 100% of your port in one bucket.  Diversify funds (+ examples):

- Defi - $AAVE $INV
- NFTs - $NFTX
- Coins/Currency - $BTC 
- Privacy - $XMR $DERO
- Oracles - $LINK
- Platforms - $ETH $HTR $SOL $DOT
- Innovative underdogs - $NYZO 
- DEXs - $ZERO $SRM $UNI
- L2 - $MATIC"
1373027731760418821,2021-03-19 21:44:55,0,105,18,$doge on its way to the top! $doge to $1... it might take awhile but it will get there eventually! ü§™ü§™ü§™ $btc $ksm $ada $dot $paid $shib $dft $pha $link $eth $husky $htr @CyberPaq @alexaweyer @JP_hysique https://t.co/XZh8sRnfFW
1373027711015354369,2021-03-19 21:44:50,0,1221,1689,$BTC $ETH $DOGE $BNB $DOT $TSLA $NVDA https://t.co/20nsJPhCoM
1373027621831868421,2021-03-19 21:44:29,2,302,102,$DOT looks like it wants to do something here.
1373027609345331200,2021-03-19 21:44:26,4,293,88,"You know $KAI is on the radar when an NFT to commemorate reaching 10 cents existsüòç

Why does .10 matter? Because when its at $5 we‚Äôll look back fondly on humble beginnings

$ETH $BTC $WAN $DOT $BNB

https://t.co/Jm78zpk84O? #rarible #nonfungible #digitalasset #nft  @rariblecom"
1373027494564085764,2021-03-19 21:43:58,1,644,944,$DOT looks ready to go nuts
1373027460497821697,2021-03-19 21:43:50,0,0,54,"My realistic prediction by Q3 2021

$ETH $25000

$LTC $1100

$XRP +$582

$ADA +$49

$DOT +$10000

$TRX $100

$ALGO $55

$ZIL $254

$DOGE $65 üöÄüöÄüöÄ

$TEL $95

$RSR $35

$PLA $28

$HPB $80

$XLM $555

$OCE $29

$SHA $5

$JUR $653

$VET $80

$LINK $6700

$BTCST 
Save this tweet https://t.co/4LKtbv3ysy"
1373027458245652482,2021-03-19 21:43:50,0,108,44,"I cann feel how I will enjoy my ZENON coffee in a ZENON space ship which fly to moon

üì≤  https://t.co/vjTTKIe01o

üåê https://t.co/EKxxFHzGzk

üëâ@Zenon_Network
 
$ZNN $QSR #BTC $BTC $POLS $ADA $ETH $NANO $DOGE $LINK $DOT $SXP $XRP $QSR https://t.co/nW4lY61hmp https://t.co/e2CxQCyzKC"
1373027273268465665,2021-03-19 21:43:06,7,3333,3782,$KILT is the one. Missed the $DOT $KSM bottom? Now you have another chance üëä https://t.co/ehOBqWskyj
1373026838939897858,2021-03-19 21:41:22,1,222,40,$DOT looking nice. USD pair is about to break that resustance. BTC just did an S/R flip. Hope to wake up to loadsamoney https://t.co/qFA1L0vW3H
1373026646752694272,2021-03-19 21:40:36,0,1221,1689,$BTC $ETH $DOGE $BNB $DOT $TSLA $NVDA https://t.co/Lvum5FgijI
1373026369257361412,2021-03-19 21:39:30,2,6,2,"$STPT is being talked about of Reddit as well. Lots of people are investing, I'm in for the ride! 

$ADA $BTC $ETH $LTC $XRP $AVA $WING $WIN $STMX $ONE $DOT $SXP $HOT $UNI $INCH $VTHO $LUNA $LINA $DOCK $COTI https://t.co/VwF9O7iCk0"
1373026363934924803,2021-03-19 21:39:29,1,103,16,"$KSM already over 30% profit!! üî•üî•üî•üöÄüöÄüöÄ

$ETH $ADA $RUNE $XLM $OCEAN $REN $KSM $UNI $DOT $LTC $AAVE $BNB $VET $BAT $XRP $XLM $XMR $SOL #ZEC $GRT $MANA $LRC $ONT $INJ #ENJ $RSR $DOGE $BTC $EOS $CHZ $FET $ENJ $MANA $LINK $DUSK $UNFI $BAT https://t.co/O2HqkfgK47"
1373026274344534016,2021-03-19 21:39:08,142,104,34,"ü§ë Obi Wan #Konomi  @KonomiNetwork

ü§î I wonder what price $KONO would üöÄ launch at today @polkastarter 

üéØ $1:00 Konomi ?

üéØ $2:00 Konomi ?

üéØ $3:00 Konomi, $4:00 ? 

üõ∏üõ∏üõ∏üõ∏üõ∏üõ∏üõ∏üõ∏üõ∏

#defi #cryptocurrency
$DOT $pols"
1373026227250925572,2021-03-19 21:38:56,1,103,16,"Even the new trade $INJ already smashed over 20% profits. VIP sale ends in 10 days. üî•üî•üöÄüöÄüöÄ

$ETH $ADA $RUNE $XLM $OCEAN $REN $KSM $UNI $DOT $LTC $AAVE $BNB $VET $BAT $XRP $XLM $XMR $SOL #ZEC $GRT $MANA $LRC $ONT $INJ #ENJ $RSR $DOGE $BTC $EOS $CHZ $FET $ENJ $MANA $LINK $DUSK https://t.co/yrbtdIbxkc"
1373026154920169476,2021-03-19 21:38:39,0,275,538,@cryptomocho I go with $dot $ATOM and $MAHA my goodie bag. Sure to sell the pump #cryptocurrency
1373026145973760005,2021-03-19 21:38:37,1,196,3018,"üîÑ Prices update in $USD (1 hour):

$BTC - 58401.2 $  (-0.82 %)
$ETH - 1819.16 $  (-0.47 %)
$DOT - 38.2 $     (+0.02 %)
$ADA - 1.31 $     (-2.28 %)

#BTC #ETH #DOT #ADA #Crypto #Bitcoin"
1373026049882165248,2021-03-19 21:38:14,130,497,50,"Undervalued Bluechips $RSR $HTR $NIOX $OCEAN 
Undervalued oracles #API3 $DIA $BAND $TRB
Undervalued payment systems $UTK $SXP $COTI
Undervalued AI $NIOX $AGI $VRX
Undervalued $ETH killers $DOT $HTR ONLY
Undervalued Data $OCEAN $DAG
Undervalued NFT $TVK $IRIS $ALOHA $GHST $LIGHT"
1373025875055292416,2021-03-19 21:37:32,0,321,489,"Buying heavy in $XVG net topgainer Binance?

$BTC $ETH $XRP $DOT $PERL $LINK $GRT $CHR $SXP $ROSE $VITE $UTK $IOTX $DOCK $DREP $NPXS $DENT $KEY $AXS $DEGO $SKL  $ZIL $CHZ $MATIC $CHZ $ANKR $AKRO $TROY $MBL $STMX"
1373025862732414984,2021-03-19 21:37:29,16,1336,396,"üî• the eFIN project continues üî•üöÄ

$eFIN $ZIL $NIM $BTC $ETH $LTC $DOT $BSC
#eFIN #ZIL #NIM #BTC #ETH #LTC #DOT #BSC 

@efinexchange @eFINisDeFi @zilliqa @nimiq @TEN31Bank @cz_binance @binance @Polkadot @LTCFoundation @SatoshiLite https://t.co/MK9Elehros"
1373025800207753219,2021-03-19 21:37:15,11,103,16,"$DOT
They say such simple patterns work best in bull markets. Polkadot breakout soon? https://t.co/m5k14fwAM9"
1373025760722702340,2021-03-19 21:37:05,1,103,16,"DOT go $50
#DOT $DOT https://t.co/k16vcmHoOq"
1373025725415096321,2021-03-19 21:36:57,5,788,120,"Listen to this man üö® 

$KILT is the most bullish token in the Polkadot ecosystem - expecting a minimum 100x off the bat üöÄüöÄ

$DOT $KSM üíé 

$ETH üíÄ https://t.co/jxYQRoW9Gi"
1373025567071670272,2021-03-19 21:36:19,3,115,452,üåàüöÄ FIRST PLACE ON THE BIGGEST TRADING PLATFORM ON EARTHüåé AT THE END OF THE DAY IN EUROPE‚ùóÔ∏è‚ùóÔ∏è‚ùóÔ∏èüß†üß†üß† BUY NOW OR CRY LATER üåàüöÄ  #DREP  $DREP $ADA $DOT $AVAX $BTC $ETH $ORN $REEF $ORN https://t.co/T5P20ZTE4n
1373025547941416961,2021-03-19 21:36:14,3,115,452,"üåàWHAT A DAY!!! #DREP $DREP  BIG MOVES, LOW MARKET CAP MEANS 5X üöÄüöÄüöÄ                                    $ADA $BTC $XRP $FTM $ALICE $FTM $AVAX $EGLD $AKRO $ORN $DOT https://t.co/1dxhUFJG22"
1373025520980402179,2021-03-19 21:36:08,2,115,452,"$DREP is coming with #NFT 

Think 10x 

#NFT FOMO 

Lets do it üê≥üê≥üê≥üê≥üê≥üê≥

$BTC $ADA $PERL $TROY $DOGE $BCH $BNB $TRX $SUSHI $XRP $SAND $EOS $USDT $LTC $XLM $DOT $LINK $XMR $UNI $YFI $BAT $ENJI $XVS $XVG $XEM $AAVE $EOS $CRO $XTZ $FTT $VET $NEO $WAXP"
1373025506988158978,2021-03-19 21:36:05,2,115,452,üåà‚ÅâÔ∏èWHY WHOULD YOU SELL AT THIS PRICE‚ÅâÔ∏è‚ÅâÔ∏è‚ÅâÔ∏è UNDER $0.03 COIN‚ÅâÔ∏è‚ÅâÔ∏è‚ÅâÔ∏èüåàüöÄ #DREP  $DREP $BTC $ADA $AVAX $EGLD $REEF $DOT $ORN $XRP https://t.co/JoLKemRUkW
1373025483915370501,2021-03-19 21:35:59,3,115,452,WATCH OUT THIS NUMBERS‚ùóÔ∏è #ORN PROTOCOL PROJECT $ORN $500M MARKET CAP - $43M VOLUME TODAY  üöÄüöÄüöÄ #DREP PROJECT $DREP $116M MARKET CAP - ‚ùóÔ∏è‚ùóÔ∏è‚ùóÔ∏è$69M‚ùóÔ∏è‚ùóÔ∏è‚ùóÔ∏è‚ùóÔ∏èVOLUME TODAYüöÄüöÄüöÄ WHAT A DAY!!! üåàüåàüåà $ADA $BTC $AVAX $REEF  $EGLD $DOT #DREP $FTM https://t.co/K1gwk9QpCu
1373025439573274630,2021-03-19 21:35:49,3,627,94,"The #momentum is now!!! Just fasten your seatbelt and let @Zenon_network carry youüí•üöÄ

The trip begins, don't forget to enjoy!!!üåê‚ö°Ô∏è            

üü¢ $ZNN üíéüëΩ#ZNNAliens

Life's a climb but the view is great!üåÄ

$QSR #ZTS #Bitcoin #DeFi #ERC20 $eth $dot $ada $bnb $link #Crypto https://t.co/lNBdQuFF7O"
1373025422883971074,2021-03-19 21:35:45,3,115,452,"$DREP is officially under #NFT 

This is the massive news 
Very few know whats it means 

Imo 10x üí• 

$BTC $ADA $PERL $TROY $DOGE $BCH $BNB $TRX $SUSHI $XRP $SAND $EOS $USDT $LTC $XLM $DOT $LINK $XMR $UNI $YFI $BAT $ENJI $XVS $XVG $XEM $AAVE $EOS $CRO $XTZ $FTT $VET $NEO $WAXP"
1373025369264070660,2021-03-19 21:35:32,2,115,452,"$DREP buy this #NFT 
Thanks me laterüÜôüÜôüÜôüÜô

$BTC $ADA $PERL $TROY $DOGE $BCH $BNB $TRX $SUSHI $XRP $SAND $EOS $USDT $LTC $XLM $DOT $LINK $XMR $UNI $YFI $BAT $ENJI $XVS $XVG $XEM $AAVE $EOS $CRO $XTZ $FTT $VET $NEO $WAXP"
1373025346187051008,2021-03-19 21:35:26,5,64,25,"Not rocket science $CGG beyond +20$üíé
Connect the dots...
üíö

#Binance #DeFi  $bnb $one $lina $ada $alice $bat $kit $link $oddz $fin $skey $dawn $vet $DFT $icx $kyl $visr $ern $super $mod $labs $DOT $uni #eth $boot
#btc $pkf $mana $matic #nft $OM $PRQ $pha $api3 $albt $cake $pond https://t.co/qFcOQ95oHv"
1373025260744871937,2021-03-19 21:35:06,1,627,94,Another video analysis about zenon. $ADA $DOT $BTC $ETH $ZNN https://t.co/4FdLtd8QfV
1373025147418865664,2021-03-19 21:34:39,0,463,50,@burtmcclosky @Adouble212 Once it becomes apparent that $KSM isnt just a test net for $DOT and a lot of projects will just stay on $KSM the market caps for both should be relatively equal. That's an 11x from here.
1373025030884499458,2021-03-19 21:34:11,0,1221,1689,"YOOOOOOOOO! Team $DGB is warp!
$BTC $ETH $DOGE $BNB $DOT $TSLA $NVDA https://t.co/DncxmRkUWU"
1373025019656335360,2021-03-19 21:34:08,3,145,361,"SUPRISEüí•

WHICH CEX/DEX will LIST $CGG first
üíö

#Binance #DeFi  $bnb $one $lina $ada $alice $bat $kit $link $oddz $fin $skey $dawn $vet $DFT $icx $kyl $visr $ern $super $mod $labs $DOT $uni #eth $boot
#btc $pkf $mana $matic #nft $OM $PRQ $pha $api3 $albt $cake $pond $LCX $tower"
1373024952677511170,2021-03-19 21:33:52,510,2580,1865,"First successful inter-chain asset transfer on @polkadot using the new XCM format/standard/protocol. Left is one parachain, right two windows are the other (index 300). @kusamanetwork $DOT $KSM https://t.co/0Cj9pjTshK"
1373024928291643393,2021-03-19 21:33:47,0,200,26,Stong feeling next coinbase listing could be $one $near $dot $ksm $mln
1373024821848600576,2021-03-19 21:33:21,1,0,49,King $COTI making moves Rank#148 an moving up quickly soon Top 100 and on its way to the top $GOVI $CHR $DAG $OCEAN $CS $ETN $SUSHI $AAVE $YFI $LINK $BONDLY $DUCK $POOLZ $XED $SPDR $POLS $EGLD $utk $NOIA $RSR $ORN $BTC $DOT $LTC $XRP $ADA $BNB $EOS $eth $ZIL $doge https://t.co/LzOSmnsdGI
1373024720858255366,2021-03-19 21:32:57,0,1,3163,"üîÑ Prices update in $USDT (1 hour):

$BTC - 58587.29 $      (-0.32 %)
$ETH - 1823.09 $       (+0.13 %)
$DOT - 38.41 $         (-0.05 %)
$ADA - 1.32 $          (+0.95 %)

#BTC #ETH #DOT #ADA #Crypto #Bitcoin"
1373024537533575169,2021-03-19 21:32:13,1,30,15,"Problem with looking at CEX reserves is that a lot of #ETH can still be dumped on DEX'es. So looking a CEX reserves might be misleading.

$ctsi $eth $xrp $brd $one $lto $vidt $ada $dot $doge $ckb $neo $storj $mth $btc $get $bnb $chz $storj $kmd $vet $eos $vra $neo $pre $kda $myst"
1373024515878486017,2021-03-19 21:32:08,12,325,67,"0.12 cents, we're not even on T1 yet, no big youtube shillers yet, no big twitter shillers yet, Kai-dex isn't out yet, eSports isn't out yet ü§∑ Buy one bag of  $Kai you won't regret it ‚òùÔ∏èI still wonder why I didn't buy $Dot and I knew it would go up, we all knew it.Don't wait Q2 https://t.co/Qe8tuY6GLT"
1373024506847973386,2021-03-19 21:32:06,1,156,43,"my dad and his friends 
@IOHK_Charles @gavofyork @VitalikButerin
 
$ada #cardano $eth #ethereum $dot #Polkadot @TradingWithPaul @CryptoCobain @EyeOfTheKing1 #crypto #btc #bitcoin https://t.co/9Svea7Fmyo"
1373024450006945798,2021-03-19 21:31:53,3,2,192,"$vtho Can multiply faster than your favorite coin I know its not pleasant to hear but it is what it isss

#stimmy #stimulus

#doge #dogearmy #dogecoin $doge $matic $rvn $bnb $btc $eth #ethereum #bitcoin $aave $snx $uni $sushi $zrx $grt $algo $ada $dot #CryptoNews #NFT #bitcoin .."
1373024444768215045,2021-03-19 21:31:51,10,325,67,"ENORMOUS New validator. 

FADO

One of the TOP Ecommerce companies in Vietnam

Our Mainnet / Network is being supported by some of the biggest multi million / billion dollar companies in the world! 

Getting stronger by the day!

$KAI #BTC $ETH $DOT $ATOM https://t.co/XB4j882tLJ"
1373024242464358401,2021-03-19 21:31:03,12,325,67,"Haters will say its photoshop üòÇ 

$KAI is going to lift up a Nation!

#Vietnam #vietnamese #VietPower #Crypto #innovation #unity #BTC $TEL $ETH $BTC $WAN $ATOM $AION $DOT $THETA $LINK $AUDIO $SCRT $ICX $LUNA $SNX $VET $OCEAN
$BNB $ZNN https://t.co/3AySGo4WAF"
1373024191964979204,2021-03-19 21:30:51,13,33,1,"$WOLFY is not just a meme coin, it has potential and that's why I've invested $4k into this project

$eRSDL $LINK $JUP $PAINT $ETH $DOT $APOXY $RFIII $RHINO $RAINI"
1373024099585425408,2021-03-19 21:30:29,65,95,9,"Who else? 

$btc $ada $eth $dot #Crypto https://t.co/4oaY8JMg7e"
1373023981813514240,2021-03-19 21:30:01,0,1,4739,"üîÑ Prices update in $EUR (1 hour):

$BTC - 49277.7  ‚Ç¨ (+0.06 %)
$ETH - 1533.0  ‚Ç¨ (+0.21 %)
$DOT - 32.23  ‚Ç¨ (-0.12 %)
$ADA - 1.11  ‚Ç¨  (+1.66 %)

#BTC #ETH #DOT #ADA #Crypto #Bitcoin"
1373023966076432384,2021-03-19 21:29:57,1,47,255,$DOT Strong bullish and Holding 200 Moving everage. https://t.co/xoF8GnmlMm
1373023945268551680,2021-03-19 21:29:52,1,325,67,"üì¢ARE YOU LISTENING?!?üì¢

$KAI IS BRINGING THE NOISE AND IT WILL NOT BE DENIED!  

$TEL $ETH $BTC $WAN $ATOM $AION $DOT $THETA $LINK $AUDIO $SCRT $ICX $LUNA $SNX $VET $OCEAN $ZNN
$BNB https://t.co/jn24HW0VmV"
1373023488672432130,2021-03-19 21:28:03,0,6,35,Crypto traders only want one thing and it's not disgusting $LINK $AAVE $UTK $WAN $SOL $KSM $DOT https://t.co/M2CQSKATuo
1373023437388718080,2021-03-19 21:27:51,0,1221,1689,$BTC $ETH $DOGE $BNB $DOT $TSLA $NVDA https://t.co/skLjl7ZaYn
1373023401355403265,2021-03-19 21:27:43,0,108,44,"üì≤  https://t.co/vjTTKIe01o

üåê https://t.co/EKxxFHzGzk

üëâ@Zenon_Network
 
$ZNN $QSR #BTC

My next response that I already falled in love with ZENON

ME:I already falled in love with ZENON

 $BTC $POLS $ADA $ETH $NANO $DOGE $LINK $DOT $SXP $XRP $QSR https://t.co/QgnKlbFfE9 https://t.co/QOzp1wqqga"
1373023147142873095,2021-03-19 21:26:42,3,166,8,"$COLL | @CollateralDefi 

A Decentralised Payment Gateway on $DOT

#DeFi x Traditional Finance = Mass adoptionüî•

‚≠êÔ∏èCo¬£¬£ateral Wallet Features

üí≥ùôéùô•ùôöùô£ùôô
üêñùôéùô©ùô§ùôßùôö
üíµùôéùô©ùôñùô†ùôö
üí∞ùôÄùôñùôßùô£

üåêhttps://t.co/Qsh8piTa49
TG - https://t.co/OyZfI4N60u https://t.co/o4stLPclqH"
1373023119577845763,2021-03-19 21:26:35,66,65,73,"What's your favorite #Polkadot project right now?

$DOT $KYL $EDG $PHA $KONO $OCEAN $CRU $FIS $HOPR $LINK $PCX $RING $DEGO $LIT $AKRO $NSURE $OM $COMP $SPDR $POLS https://t.co/ujediWbdHB"
1373022960194265088,2021-03-19 21:25:57,1,0,49,I am loading up some moonbags      üåô üöÄ $qsp $nsbt $xvg $knc $ltc $celr $strax                                                             $btc $eth $dot $bnb $ada https://t.co/1TBGVyQIXb
1373022701623840770,2021-03-19 21:24:56,1,807,4781,"DOT/USDT - Yet another ascending triangle pattern forming. This time its DOT/USDT. My target for this coin has always been $50 and once price claims $39 as support i am expecting this to be hit. 

$DOT https://t.co/P1FaV8lSQm"
1373022642693869578,2021-03-19 21:24:42,74,279,95,"ALPHA leak:

CURRENTLY, there is 2.77M $ZERO daily LM inflation / potential sell pressure. This finishes in ~4 days... THEN the emissions are cut IMMENSELY by 80%.

accumulate lows before the Polka $DOT Parachain partner is released and #WSB IDO their token on the ZERO launchpad https://t.co/TB5QGh0iDg"
1373022482504982528,2021-03-19 21:24:04,3,102,1246,"$DENT the basics: An global #esim on @Apple website supporting Tokyo Olympics. It‚Äôs GOLD. @ just $0.005 AUD.

$BTC $ETH $DOT $UNI $GRT $LINK $XRP $BNB $ADA $DOGE $BNT $CRV $KSM $PCX  $RING $AKRO $XVS $ALGO $DGB $KNC $FTM $ENJ $VET $LIT  $DNT $REEF $TRU $DGB $HOT $KEY $DENT $NPXS"
1373022437898551296,2021-03-19 21:23:53,4,1193,136,"Keep your eye out for upcoming big time $DOT ecosystem projects. $APN @apronofficial1 is one. 
Decentralized middleware for DApp developers. Full development suite and access to multiple APIs to multiple public blockchains. Great blog here to learn moreüî•
https://t.co/B4HL8gFT4f"
1373022185728655360,2021-03-19 21:22:53,1,4038,848,"$ada buy or no buy? Long term possibilities?
$link $btc $eth $nu $algo $grt $mana $ren $band $cvc $dnt $fil $dash $knc $bnb $oxt $bat $doge $aave $xtz $xlm $xrp $zrx $ada $dot $uni $ren $xmr $trx $sol $sushi $enj $maker $atom $ada $skl $matic  $ocean $rune $keep $alpha"
1373022121153212422,2021-03-19 21:22:37,1,16,8,"$STPT is about to moon. Get in before it's to late!

$ADA $BTC $ETH $LTC $XRP $AVA $WING $WIN $STMX $ONE $DOT $SXP $HOT $UNI $1INCH $VTHO $LUNA $LINA $DOCK $COTI https://t.co/IrngqMmlSe"
1373022094615797762,2021-03-19 21:22:31,0,108,44,"üì≤  https://t.co/vjTTKIe01o

üåê https://t.co/EKxxFHzGzk

üëâ@Zenon_Network
 
This Video is a piece of ART

$ZNN $QSR #BTC $BTC $POLS $ADA $ETH $NANO $DOGE $LINK $DOT $SXP $XRP $QSR https://t.co/KTwM8JEMWJ https://t.co/SFYnyuwaum"
1373021839492980738,2021-03-19 21:21:30,18,73,9,"We're excited to introduce the Cellframe Core Network and Cellchain auctions. Cellchains are similar to $DOT's parachains and will be essential pieces in the $CELL ecosystem!
 
Learn more - https://t.co/gMkhAM43Oo https://t.co/a57Ndg2uzL"
1373021779007053835,2021-03-19 21:21:16,0,86,98,"@CoinMarketCap 1- $AVAX üöÄüí´
2- $PNG
3- $LINK
4- $BTC
5- $LTC
6- $BAT
7- $DOGE
8- $DOT
9- $BCH
10- $XLM"
1373021777014661121,2021-03-19 21:21:15,2,79,539,"$DREP i will not sella single coin before it hit 100 sats today

50% leave the the rocket üöÄ 

Its my term to send it moon üåù 

$TROY 64 is coming, tight your seat belts!!

$BTC $ADA $PERL $TROY $DOGE $BCH $BNB $TRX $SUSHI $XRP $SAND $EOS $USDT $LTC $XLM $DOT $LINK $XMR $UNI $YFI"
1373021689253101578,2021-03-19 21:20:54,53,110,397,"Top Crypto Projects by Total Staked Valueüìà

$ADA - $32.9B
$DOT - $24.6B
$AVAX - $9.94B
$ALGO - $6.54B
$ETH - $6.37B
$LUNA - $5.58B
$ATOM - $4.36B
$SOL - $4.25B

#DeFi https://t.co/1huBp8LBnq"
1373021678830284800,2021-03-19 21:20:52,1,108,44,"@HodlBee Most people do not have enough  ZENON

üì≤  https://t.co/vjTTKIe01o

üåê https://t.co/EKxxFHzGzk

üëâ@Zenon_Network
 
$ZNN $QSR #BTC $BTC $POLS $ADA $ETH $NANO $DOGE $LINK $DOT $SXP $XRP $QSR https://t.co/3YK5lPd71u"
1373021642746687488,2021-03-19 21:20:43,0,0,517,"Top 10 cryptocurrencies price update 1hr 
 
$BTC $ETH $ADA $BNB $USDT $DOT $XRP $UNI $LTC $LINK https://t.co/nMKcVGMRoU"
1373021594428141570,2021-03-19 21:20:32,2,119,49,"New game from @OKEx! Guess new token and win 10 USDT! 

ANSWER: 4 alphabets! Either $DEGO / $LOOT / $SHIB

Submit the answer: https://t.co/JsglqK65pd
Register: https://t.co/61o98wyhER

$ada $dot $link $ltc $btc $eth $loot #crypto #blockchain 
$shib #nfts #defi https://t.co/1M2bGbdkGZ"
1373021511443910657,2021-03-19 21:20:12,2,82,4,"I've noticed a lot of people talking anout $STPT as well. I'm going to invest before it's too late! 

$ADA $BTC $ETH $LTC $XRP $AVA $WING $WIN $STMX $ONE $DOT $SXP $HOT $UNI $INCH $VTHO $LUNA $LINA $DOCK $COTI https://t.co/N8eJXMi2cs"
1373021139589423111,2021-03-19 21:18:43,0,0,49,"$PPAY a MAJOR DeFi Fiat On-ramp protocol just announced their  to DEX LAUNCH SOON üí•üî•üî•üöÄ Only $29mil mc 

 $RSR $LINk $BAND $SXP $WAVES $ALGO $UNI $XRP $SRM $KNC $MATIC $BNB $TRX $WRX $DOT $RING $Sushi $ETH $ATOM $EDG  $CRV $XRP $LTC $OM $PAID $POLK $STAKE $POLS $UBT $CAKE https://t.co/bDW0ZzASCR"
1373021105347125250,2021-03-19 21:18:35,1,529,108,"Lets be honest everyone is holding $dot since $15 or lower but heres some bullish twitter stuff

LFG $DOT #Polkadot #DOTUSDT https://t.co/dJGdlAWhxk"
1373021077392265224,2021-03-19 21:18:29,0,2,0,"@ViralPumps @CryptoWizardd -
-
$ADA $BTC $ETH $LTC $XRP $AVA $WING $WIN $STMX $ONE $DOT $SXP $HOT $UNI $1INCH $VTHO $LUNA $LINA $DOCK $COTI"
1373021003589255171,2021-03-19 21:18:11,11,300,228,$drgn is extremely undervalued &amp; has a an excellent foundation in hybrid blockchain technology. Too the moon üöÄ#gem #crypto $eth $link $btc $dot $hnt $matic
1373020988770807810,2021-03-19 21:18:07,0,2,0,"@ViralPumps -
-
$ADA $BTC $ETH $LTC $XRP $AVA $WING $WIN $STMX $ONE $DOT $SXP $HOT $UNI  $1INCH  $VTHO $LUNA $LINA $DOCK $COTI"
1373020937470287881,2021-03-19 21:17:55,56,113,20,"1/ A not-so-quick recap of what to expect from $ICX this year (so far) in no specific order. *NOT INCLUSIVE*

#cryptocurrency #Blockchain #dapps #bitcoin $btc $eth $ada $doge $luna $link $band $xrp $xlm $sxp $ltc $dot $uni $theta $vet $aave $atom $xmr $avax $trx $eos $iota"
1373020865374339077,2021-03-19 21:17:38,0,11,138,"$DOT

Current Price: $ 38.37

Target 1: $ 42.15

Target 2: $ 54.17

Stop Limit: $ 34.19

#Polkadot #Binance https://t.co/UOPsZerLwn"
1373020716610813956,2021-03-19 21:17:02,1,22,3,"@midnightkrisp strapping in on that rocketship babyyyy
$STPT $ADA $BTC $ETH $LTC $XRP $AVA $WING $WIN $STMX $ONE $DOT $SXP $HOT $UNI $1INCH $VTHO $LUNA $LINA $DOCK $COTI"
1373020693655293953,2021-03-19 21:16:57,1,239,86,"@Coin98Analytics @Polkadot @Kylin_Network @centrifuge @Plasm_Network @tidaldefi @coin98_wallet @AcalaNetwork @CrustNetwork @KonomiNetwork @ZenlinkPro $KONO - like buying Aave for $DOT ecosystem at 28M market cap. Big backers, great-looking project at a ridiculous low price"
1373020545453850629,2021-03-19 21:16:22,1,34,19,"#GemRadar üöÄüöÄüöÄ
$btcst going to the moon! After DIP!
New list on @binance 

$BTC $ETH $ADA $BNB $DOT $XRP $LTC $LINK $XLM $DOGE $LUNA $THETA $CRO $UNI $ATOM $AAVE $FIL $AVAX $VET $XMR $OKB $EOS $FTT $SOL $BSV $IOTA $TRX $CHZ $XEM $XTZ https://t.co/NM3ZD3X9KF"
1373020317094981641,2021-03-19 21:15:27,2,325,67,"@kyle_chasse showing the $KAI club some love. Been saying it for a while, this guy isn't hating on anyone, spreads nothing but hope and opportunity!

Crypto is a huge space, don't balkanize your community by assuming EVERYTHING as opposition!

$PAID $DOT

https://t.co/abTu1J70Yj"
1373020086013812738,2021-03-19 21:14:32,14,42,269,"I've really grown to appreciate both $DOT and $ADA throughout the last year. 

I'm always seeking to find legit platform that bring legit use-cases to society."
1373020076601905155,2021-03-19 21:14:30,21,960,197,"Which is the better crypto? $AVAX or $DOT

Retweeting allowed by humans only üòÇ"
1373020039968882695,2021-03-19 21:14:21,0,150,76,$DOT long again at 38.145. #BTC please do not dump tonight. #Bitcoin https://t.co/NeSt3jtf9T
1373019986793357312,2021-03-19 21:14:08,0,2,21,$DOT give it https://t.co/2l4FCOk4dQ
1373019968686669828,2021-03-19 21:14:04,0,248,62,$avax better than $dot so it will pass.
1373019964421124099,2021-03-19 21:14:03,0,0,11,"@whale_community All coins seem similar in their idea. How is $FET token differen from the rest? @Fetch_ai

 $alice $paper $coval $toko $dds $entrc $quam $brick $enj $doge $stmx $avs $dxf $bnb $moon $mss $pkf $fil $bvl $ltc $shd $safemoon $duo $hydro $mana $dot $ada $med $nftp $helmet $bscv $anc"
1373019726767603723,2021-03-19 21:13:06,8,100,17,"@Coin98Analytics @Polkadot @Kylin_Network @centrifuge @Plasm_Network @tidaldefi @coin98_wallet @AcalaNetwork @CrustNetwork @KonomiNetwork @ZenlinkPro üíé $TRAC - in the INFRASTRUCTURE category - will be a primary anchor into real world adoption via supply chains, data sharing, regulation compliance, and digital identity for the entire $DOT ecosystem. https://t.co/skm8Sl0976

@Origin_Trail https://t.co/3FXcnlYiFn"
1373019555426140169,2021-03-19 21:12:26,1,347,1205,"üìà Polka Dot $DOT : Busted triangle ?
‚è±Ô∏è 4 hours

If its really a busted triangle ... ü§î

BUUUUULLISHHHHHHH https://t.co/89ctGU84Id"
1373019464493461509,2021-03-19 21:12:04,1,765,752,"Institutional Adoption in APAC with Hex Trust &amp; the Algorand Foundation

https://t.co/PDBfr9J9jw
#Crypto #Algorand $ALGO $ADA $DOT $ETH $BTC"
1373019324970074121,2021-03-19 21:11:31,0,452,163,"$DOT $MATIC for the better, cheaper and faster ecosystem
 $UNFI for the decentralized marketplace and lovely 40% apy staking rewards ü§ë
 $ALPHA could never cheat on this one ly bby 
$OGN for that NFT hype 
$POLK for the decentralized prediction markets
$UDO Enterprise solutions"
1373019283454885889,2021-03-19 21:11:21,0,88,21,"$LINK and $DOT blasting off tonight?
#Chainlink
#Polkadot"
1373019176068087809,2021-03-19 21:10:55,2,152,40,"And $RSR  going sooo strong today ! My bags are on fire ! 

Let's smash 10c this weekend guys ! then we can focus on the real target ! 

---&gt; 1$ &lt;---

$BTC $ETH $LINK $DOT $HTR $FTM $BNB $UNI https://t.co/m6C8ZM9Nda"
1373019111199023107,2021-03-19 21:10:40,0,1,2,"-
-
$ADA $BTC $ETH $LTC $XRP $AVA $WING $WIN $STMX $ONE $DOT $SXP $HOT $UNI $1INCH $VTHO $LUNA $LINA $DOCK $COTI"
1373019046959013888,2021-03-19 21:10:24,0,1032,447,"@CryptoWizardd $STPT is going to fly in the next few days, we‚Äôre shilling this to the moon 

$ADA $BTC $ETH $LTC $XRP $AVA $WING $WIN $STMX $ONE $DOT $SXP $HOT $UNI $VTHO $LUNA $LINA $DOCK $COT"
1373018957796495365,2021-03-19 21:10:03,0,0,2040,"Polkadot $DOT current price in major currencies

üáØüáµ 4,179.57 Yen
üá∞üá∑ 43,353.43 Won
üá≤üáΩ 787.09 Peso
üáµüá≠ 1,861.71 Peso
üáµüá∞ 5,987.85 Rupee
üá∑üá∫ 2,843.97 Ruble
üá∏üá¶ 143.98 Riyal
üá∏üá™ 328.41 Krona
üáπüá∑ 277.09 Lira
üáøüá¶ 564.93 Rand

$DOT = $38.38"
1373018948288004100,2021-03-19 21:10:01,1,1,3197,"üîÑ Prices update in $USD (1 hour):

$BTC - 58625.3 $  (-0.53 %)
$ETH - 1821.85 $  (-0.65 %)
$DOT - 38.33 $    (-0.46 %)
$ADA - 1.32 $     (-0.93 %)

#BTC #ETH #DOT #ADA #Crypto #Bitcoin"
1373018928344137728,2021-03-19 21:09:56,50,515,1575,"$EOS is going to be a really interesting case-study this year.

Do platforms that clearly are NOT able to keep pace with $ETH (or other new layer 1s like $DOT) just die??

Or is it worth a punt because even Ripple can pump off all time low levels? https://t.co/zFHuCQXznP"
1373018806499610624,2021-03-19 21:09:27,0,1032,447,"@CyberBoo_ @KBluezr @gomez_brilliant @SuperExstatic @Vibe2Thiss @dedcel2 @apok_knight @Cocochaneladair @Martyj_999 @brandnewflix @RioRiodeal @Shane_Knick @TeriReed19 $STPT is going to fly in the next few days, we‚Äôre shilling this to the moon 

$ADA $BTC $ETH $LTC $XRP $AVA $WING $WIN $STMX $ONE $DOT $SXP $HOT $UNI $VTHO $LUNA $LINA $DOCK $COT"
1373018802196250625,2021-03-19 21:09:26,14,152,182,"Nice to see $SHA retest the previous resistance of the ascending triangle if this holds... üî•üòâ

 $BTC $VET $BNB $ONE $MATIC $DGB $DOT $ETH https://t.co/MpTxUPd9dc"
1373018736722993152,2021-03-19 21:09:10,2,42,20,"Lots of people buying $STPT right now, moon shot? 

$ADA $BTC $ETH $LTC $XRP $AVA $WING $WIN $STMX $ONE $DOT $SXP $HOT $UNI $INCH $VTHO $LUNA $LINA $DOCK $COTI"
1373018732226826244,2021-03-19 21:09:09,0,108,213,"@twotrikpony @JacobCanfield Yes. The only real currency is $vidt

@VIDT_Datalink  

$RSR üíÅüèª‚Äç‚ôÄÔ∏è

$ada $akro $gvt $req $xtz $matic $egld $uni $coti $avax $doge $sxp $aave $theta $eth $vidt $btc $reef $ksm $xem $rvn $xlm $xrp $zec $sushi $lit #holo $trx $bnb $link $iota $dot $atom $iost $vet $snx $mkr $zrx $sxp"
1373018730968547329,2021-03-19 21:09:09,0,11,0,"@ViralPumps see you on moon

$ADA $BTC $ETH $LTC $XRP $AVA $WING $WIN $STMX $ONE $DOT $SXP $HOT $UNI $1INCH $VTHO $LUNA $LINA $DOCK $COTI"
1373018730666422274,2021-03-19 21:09:09,0,1520,42,"STP Network coin mooning in the coming days! Get in while it's still low!!

-
-
$ADA $BTC $ETH $LTC $XRP $AVA $WING $WIN $STMX $ONE $DOT $SXP $HOT $UNI $1INCH $VTHO $LUNA $LINA $DOCK $COTI"
1373018689428025350,2021-03-19 21:08:59,0,339,93,"$STPT is going to shoot to the moon in the next week. We have a solid group pushing it, get on!  $ADA $BTC $ETH $LTC $XRP $AVA $WING $WIN $STMX $ONE $DOT $SXP $HOT $UNI $VTHO $LUNA $LINA $DOCK $COTI"
1373018596096507905,2021-03-19 21:08:37,7,459,53,$DOT #Polkadot is real strong here! I look for $43 and a new high this weekend! We hold bag(s) üí∞üí∞ https://t.co/G9UQVhMpTs
1373018587565334531,2021-03-19 21:08:35,0,1032,447,"@easyeight08 $STPT is going to fly in the next few days, we‚Äôre shilling this to the moon 

$ADA $BTC $ETH $LTC $XRP $AVA $WING $WIN $STMX $ONE $DOT $SXP $HOT $UNI $VTHO $LUNA $LINA $DOCK $COT"
1373018555373907968,2021-03-19 21:08:27,0,12,8,"@ViralPumps @CryptoWizardd This coin has massive potential.

$ADA $BTC $ETH $LTC $XRP $AVA $WING $WIN $STMX $ONE $DOT $SXP $HOT $UNI $1INCH $VTHO $LUNA $LINA $DOCK $COTI"
1373018527393849347,2021-03-19 21:08:21,4,485,108,"https://t.co/C0ybnFqYHT / $EOS operate at a completely different level than other chains like $ADA &amp; $DOT. Traders don't realize..

$ctsi $eth $xrp $brd $one $lto $vidt $ada $dot $doge $ckb $neo $storj $mth $btc $get $bnb $chz $storj $kmd $vet $eos $vra $neo $pre $kda $myst $cake https://t.co/mfI33IjXEe"
1373018499052933121,2021-03-19 21:08:14,99,1048,10,What do you think is most relevant in the market  price trends of $DOT?
1373018491264008195,2021-03-19 21:08:12,1,174,37,"$STPT is going to absolutely fly up, get on it now before you miss out! üöÄ

$ADA $BTC $ETH $LTC $XRP $AVA $WING $WIN $STMX $ONE $DOT $SXP $HOT $UNI $VTHO $LUNA $LINA $DOCK $COTI"
1373018377229328390,2021-03-19 21:07:45,0,1032,447,"@JBTheCryptoKing $STPT is going to fly in the next few days, we‚Äôre shilling this to the moon 

$ADA $BTC $ETH $LTC $XRP $AVA $WING $WIN $STMX $ONE $DOT $SXP $HOT $UNI $VTHO $LUNA $LINA $DOCK $COT"
1373018372863066113,2021-03-19 21:07:44,0,1,0,"-
-$STSP to the moon 
$ADA $BTC $ETH $LTC $XRP $AVA $WING $WIN $STMX $ONE $DOT $SXP $HOT $UNI $1INCH $VTHO $LUNA $LINA $DOCK $COTI"
1373018339111546886,2021-03-19 21:07:36,1,152,40,"$VRA Breakout on 1H as expected

Accumulation triangle is now done ! this is going to explode real fast ! 

See you at 3c !

$HTR $RSR $ETH $BNB $BTC $DOT $LINK $AAVE https://t.co/0csRP81F5p"
1373018265061097476,2021-03-19 21:07:18,0,1032,447,"@katieeeeebell $STPT is going to fly in the next few days, we‚Äôre shilling this to the moon 

$ADA $BTC $ETH $LTC $XRP $AVA $WING $WIN $STMX $ONE $DOT $SXP $HOT $UNI $VTHO $LUNA $LINA $DOCK $COT"
1373018234828419073,2021-03-19 21:07:11,0,6,1,"$stpt flying right now

$ADA $BTC $ETH $LTC $XRP $AVA $WING $WIN $STMX $ONE $DOT $SXP $HOT $UNI $1INCH $VTHO $LUNA $LINA $DOCK $COTI $bake"
1373018230441320450,2021-03-19 21:07:10,1,77,9,"You need to step on board of the $STPT coin. Don¬¥t miss the opportunity of a huge return on investüòâ
$ADA $BTC $ETH $LTC $XRP $AVA $WING $WIN $STMX $ONE $DOT $SXP $HOT $UNI $1INCH $VTHO $LUNA $LINA $DOCK $COTI"
1373018218697089024,2021-03-19 21:07:07,0,12,8,"@ViralPumps Watch this space.

$ADA $BTC $ETH $LTC $XRP $AVA $WING $WIN $STMX $ONE $DOT $SXP $HOT $UNI $1INCH $VTHO $LUNA $LINA $DOCK $COTI"
1373018202263982080,2021-03-19 21:07:03,0,72,4,"$STPT LET'S GOOO! 
$ADA $BTC $ETH $LTC $XRP $AVA $WING $WIN $STMX $ONE $DOT $SXP $HOT $UNI $VTHO $LUNA $LINA $DOCK $COTI"
1373018054389547017,2021-03-19 21:06:28,0,1032,447,"@CryptoWizardd @d0h0k1 $STPT is going to fly in the next few days, we‚Äôre shilling this to the moon 

$ADA $BTC $ETH $LTC $XRP $AVA $WING $WIN $STMX $ONE $DOT $SXP $HOT $UNI $VTHO $LUNA $LINA $DOCK $COT"
1373017986794192904,2021-03-19 21:06:12,1,42,15,"Buy $STPT before it moons üöÄüöÄ

$ADA $BTC $ETH $LTC $XRP $AVA $WING $WIN $STMX $ONE $DOT $SXP $HOT $UNI $VTHO $LUNA $LINA $DOCK $COTI $FTM $ALPHA"
1373017948651094019,2021-03-19 21:06:03,1,115,452,"$DREP 64 sats , lets go harder

ü§ùLets make it together mate !! ü§ù

$BTC $ADA $PERL $TROY $DOGE $BCH $BNB $TRX $SUSHI $XRP $SAND $EOS $USDT $LTC $XLM $DOT $LINK $XMR $UNI $YFI $BAT $ENJI $XVS $XVG $XEM $AAVE $EOS $CRO $XTZ $FTT $VET $NEO $WAXP https://t.co/Ac6x6B6z2P"
1373017940845531147,2021-03-19 21:06:01,0,72,4,"Looks like a great coin indeed! üî•üî•

$ADA $BTC $ETH $LTC $XRP $AVA $WING $WIN $STMX $ONE $DOT $SXP $HOT $UNI $VTHO $LUNA $LINA $DOCK $COTI"
1373017909807710211,2021-03-19 21:05:53,0,43,17,"my portfolio is going to look good now that I got into $STPT

$ADA $BTC $ETH $LTC $XRP $AVA $WING $WIN $STMX $ONE $DOT $SXP $HOT $UNI $VTHO $LUNA $LINA $DOCK $COTI"
1373017863548669952,2021-03-19 21:05:42,0,7,0,"@elonmusk got $STPT? 

$ADA $BTC $ETH $LTC $XRP $AVA $WING $WIN $STMX $ONE $DOT $SXP $HOT $UNI $1INCH $VTHO $LUNA $LINA $DOCK $COTI"
1373017781118066693,2021-03-19 21:05:23,0,12,0,"STPT diamond hands --
$ADA $BTC $ETH $LTC $XRP $AVA $WING $WIN $STMX $ONE $DOT $SXP $HOT $UNI $1INCH $VTHO $LUNA $LINA $DOCK $COTI"
1373017779016769540,2021-03-19 21:05:22,0,4,0,"$STPT looking like easy gains right now.
-
-
$ADA $BTC $ETH $LTC $XRP $AVA $WING $WIN $STMX $ONE $DOT $SXP $HOT $UNI $1INCH $VTHO $LUNA $LINA $DOCK $COTI"
1373017773018918919,2021-03-19 21:05:21,0,22,3,"Just spotted an underdog that is taking off $STPT

$ADA $BTC $ETH $LTC $XRP $AVA $WING $WIN $STMX $ONE $DOT $SXP $HOT $UNI $1INCH $VTHO $LUNA $LINA $DOCK $COTI"
1373017753855135744,2021-03-19 21:05:16,0,368,5,"$STPT is going to fly in the next few days, we‚Äôre shilling this to the moon :rocket:

$ADA $BTC $ETH $LTC $XRP $AVA $WING $WIN $STMX $ONE $DOT $SXP $HOT $UNI $VTHO $LUNA $LINA $DOCK $COTI"
1373017731667263490,2021-03-19 21:05:11,0,43,17,@ViralPumps @CryptoWizardd $ADA $BTC $ETH $LTC $XRP $AVA $WING $WIN $STMX $ONE $DOT $SXP $HOT $UNI $1INCH $VTHO $LUNA $LINA $DOCK $COTI
1373017728907378696,2021-03-19 21:05:10,0,1032,447,"$STPT is going to fly in the next few days, we‚Äôre shilling this to the moon 

$ADA $BTC $ETH $LTC $XRP $AVA $WING $WIN $STMX $ONE $DOT $SXP $HOT $UNI $VTHO $LUNA $LINA $DOCK $COT"
1373017664457687043,2021-03-19 21:04:55,3,531,966,"$BTC.D is looking like a hot mess rn

Just consolidating above support - Consolidation above support is not bullish, esp w/ lower highs

If you think you‚Äôve seen #altseason - wait till this weekly channel breaks üëÄ

$VET $FET $TTN $SXP $LINK $SXP $OCEAN $VIDT $DOT $BAND $XED $ETH https://t.co/kXHHHsSImP"
1373017554751422467,2021-03-19 21:04:29,2,115,452,"$DREP 64 is coming, tight your seat belts!!

$BTC $ADA $PERL $TROY $DOGE $BCH $BNB $TRX $SUSHI $XRP $SAND $EOS $USDT $LTC $XLM $DOT $LINK $XMR $UNI $YFI $BAT $ENJI $XVS $XVG $XEM $AAVE $EOS $CRO $XTZ $FTT $VET $NEO $WAXP https://t.co/W9l6eVBGDh"
1373017508589010944,2021-03-19 21:04:18,10,743,687,"Which under the radar #crypto project/coin are you most excited about? üëÄ
$CHR $LPT $TEL $VRA #chromia #livepeer #telcoin #verasity $ETH $ADA $DOT #NFTs #tothemoon üöÄ üåö"
1373017501546651649,2021-03-19 21:04:16,3,115,452,"$DREP spectacular low cap. Travel amongst the moons and the stars. Like Halley's comet, you only come every 75 years. 

$ADA $PERL $TROY $BCH $BNB $TRX $SUSHI $XRP $SAND $EOS $USDT $LTC $XLM $DOT $LINK $XMR $UNI $YFI $BAT $XVS $XVG $XEM $AAVE $EOS $CRO $XTZ $FTT $VET $NEO $WAXP"
1373017480596185090,2021-03-19 21:04:11,0,975,257,"@davidgokhshtein The hottest on the block is $EQ of @EquilibriumDeFi it turns, both phase 1 and phase 2 of Equilibrium PLO are risk-free. All participants have the right to get their $DOT back after the parachain lease period. Quite safe!
#Defi"
1373017475588104197,2021-03-19 21:04:10,2,115,452,@binance üåàüöÄWATCH OUT #DREP $DREP PROJECT üåàüåàüåà BUY NOW OR CRY LATER üß†üåé$ADA $BTC $DOT
1373017394482835458,2021-03-19 21:03:50,9,115,452,"$SXP FULL CUP HANDLE  BREAKOUT üöÄüöÄüöÄ

10$ SOON

$BTC $ADA $PERL $TROY $DOGE $BCH $BNB $TRX $SUSHI $XRP $SAND $EOS $USDT $LTC $XLM $DOT $LINK $XMR $UNI $YFI $BAT $ENJI $XVS $XVG $XEM $AAVE $EOS $CRO $XTZ $FTT $VET $NEO $WAXP"
1373017370336317442,2021-03-19 21:03:45,0,833,2501,"@MMCrypto MMCrypto has picked six altcoins with technicals and fundamentals in perfect alignment to outperform Bitcoin through out the bull market, including price predictions

$ETH $LINK $DOT $ADA $UNI $BNB $BTC

Recap here:

https://t.co/mmZPab40MP"
1373017367022813185,2021-03-19 21:03:44,8,199,160,"‚û°Ô∏èTake 1 minute of your time to read below ‚§µÔ∏èüëÄ

#FSN $CHNG $ETH $ADA $BNB $DOT $XRP $LTC $LINK $UNI $XEM $DOGE $AAVE $ATOM $XMR $THETA $CRO $SOL $EOS $TRX $LUNA $FFT $XTZ $VET $HT $ALGO $GRT $EGLD $FIL $AVAX $FTM $VGX $CEL $REN $OKB $ICX $CHSB $BNT $DGB $VET #defi #CHNGgo https://t.co/JvcYvgWOlf"
1373017357656813569,2021-03-19 21:03:42,1,115,452,"$DREP =New Moon ü§´ 
My target 68-100sats today!!

$BTC $ADA $PERL $TROY $DOGE $BCH $BNB $TRX $SUSHI $XRP $SAND $EOS $USDT $LTC $XLM $DOT $LINK $XMR $UNI $YFI $BAT $ENJI $XVS $XVG $XEM $AAVE $EOS $CRO $XTZ $FTT $VET $NEO $WAXP"
1373017312836616199,2021-03-19 21:03:31,25,113,12,"$DOT/BTC 

This would be an example of primed r:r ratio

üîπFormer ATH retest, HTF key level S/R flip
üîπmet parabolic curve 1st time since start of rally
üîπconsolidation right above 50EMA support
üî∏very tight Stop Loss as it's an entry right at support 

-&gt; less risk solid reward https://t.co/f02t9Ap8Xh"
1373017232511537152,2021-03-19 21:03:12,0,51,13,"$STPT is going to fly in the next few days...

$ADA $BTC $ETH $LTC $XRP $AVA $WING $WIN $STMX $ONE $DOT $SXP $HOT $UNI $VTHO $LUNA $LINA $DOCK $COTI"
